{
 //"spider": "img+https://rolf.coding.net/p/cat/d/wuwumi/git/raw/master/custom_spider_503.bmp?download=false",
//"spider": "https://rolf.coding.net/p/cat/d/wuwumi/git/raw/master/fenghecustom_spider.jar?download=false",
//缝合jar
//"spider": "https://gitee.com/rolf963/b1/raw/master/fenghecustom_spider.jar",
//"spider": "https://gitee.com/rolf963/b1/raw/master/custom_spider_220531.jar",
"spider": "https://gitee.com/rolf963/b1/raw/master/w30.jar",
//修复阿里
//"spider": "https://hk1.monika.love/tvba/j/main/20220521.txt;md5;43A3988BD7C7C652BD34E8B14D884C30",
 //biubiu
 //"spider": "https://gitee.com/rolf963/b1/raw/master/XBiubiuLA526.jar",
//04 (非官方) 唐三大佬维护接口:
//"spider": "https://gitee.com/rolf963/b1/raw/master/custom_spiderts.jar",
//"spider": "https://gitee.com/rolf963/b1/raw/master/spider525gf.jar",
//"spider": "https://gitee.com/rolf963/b1/raw/master/spider521.jar",
   //"spider": "https://github.com/catvod/CatVodTVSpider/raw/master/jar/custom_spider.jar",
  // 01 (非官方) 缝合jar
// "spider":"https://raw.fastgit.org/YuanHsing/OneClickRun/master/maoo/maoocustom_spider.jar",
 

  "sites": [
    {
      "key": "csp_xpath_猫群自维护源12",
      "name": "三八影视",
      "type": 3,
      "api": "csp_XPath",
      "searchable": 1,
      "quickSearch": 1,
      "filterable": 1,
      "ext": "https://rolf.coding.net/p/cat/d/cat/git/raw/master/38.js?download=false"
    },
   {
      "key": "csp_xpath_xiaoqiang",
      "name": "小强(蓝光)",
      "type": 3,
      "api": "csp_XPath",
      "searchable": 1,
      "quickSearch": 1,
      "filterable": 1,
      "ext": "https://rolf.coding.net/p/cat/d/cat/git/raw/master/xiaoqiang.json?download=false"
    },
    {
      "key": "csp_xpath_cokemv",
      "name": "Cokemv(XPF)",
      "type": 3,
      "api": "csp_XPathFilter",
      "searchable": 1,
      "quickSearch": 1,
      "filterable": 1,
      "ext": "https://rolf.coding.net/p/cat/d/wuwumi/git/raw/master/cokemv.json"
    },
    {
      "key": "光速采集",
      "name": "光速",
      "type": 0,
      "api": "https://api.guangsuapi.com/api.php/provide/vod/at/xml/",
      "playUrl": "https://www.guangsujx.com/m3u8/?url=",
      "searchable": 1,
      "quickSearch": 1,
      "filterable": 0
    },
    {
      "key": "红牛采集",
      "name": "红牛",
      "type": 1,
      "api": "https://www.hongniuzy2.com/api.php/provide/vod/",
      "playUrl": "https://www.tutukiki.com/m3u8/?url=",
      "searchable": 1,
      "quickSearch": 1,
      "filterable": 0
    },
    {
      "key": "U酷采集",
      "name": "U酷",
      "type": 1,
      "api": "https://api.ukuapi.com/api.php/provide/vod/?ac=list",
      "playUrl": "https://api.ukubf.com/m3u8/?url=",
      "searchable": 1,
      "quickSearch": 1,
      "filterable": 0
    },
    {
      "key": "淘片资源",
      "name": "淘片资源",
      "type": 0,
      "api": "https://taopianapi.com/home/cjapi/as/mc/vod/xml",
      "searchable": 1,
      "quickSearch": 1,
      "filterable": 0
    },
    {
      "key": "新浪采集",
      "name": "新浪",
      "type": 0,
      "api": "https://api.xinlangapi.com/xinlangapi.php/provide/vod/at/xml/",
      "playUrl": "https://www.xinlangjiexi.com/m3u8/?url=",
      "searchable": 1,
      "quickSearch": 1,
      "filterable": 0
    },
    {
      "key": "csp_CZSPP",
      "name": "厂长(SP)",
      "type": 3,
      "api": "csp_CZSPP",
      "searchable": 1,
      "quickSearch": 1,
      "filterable": 0
    },
 {"key":"csp_Buka","name":"真不卡(SP)","type":3,"api":"csp_Buka","searchable":1,"quickSearch":0,"filterable":1},
 {
      "key": "csp_DiDuan",
      "name": "低端(SP)",
      "type": 3,
      "api": "csp_DiDuan",
      "searchable": 1,
      "quickSearch": 1,
      "filterable": 0
    },
     {"key":"LiteApple","name":"小苹果(SP)","type":3,"api":"csp_LiteApple","searchable":1,"quickSearch":1,"filterable": 1},
{"key":"csp_Auete","name":"Auete(SP)","type":3,"api":"csp_Auete","searchable":1,"quickSearch":0,"filterable":1,"ext":""},
{"key":"csp_GitCafe","name":"小纸条(SP)","type":3,"api":"csp_GitCafe","searchable":1,"quickSearch":1,"filterable":0},
{"key":"csp_AliPanSou","name":"喵狸盘搜（仅支持搜索）","type":3,"api":"csp_AliPanSou","searchable":1,"quickSearch":1,"filterable":0},
{"key":"csp_Nbys","name":"泥巴(SP)","type":3,"api":"csp_Nbys","searchable":1,"quickSearch":1,"filterable":1,"ext":""},
{"key":"csp_Lgyy","name":"蓝光影院(SP)","type":3,"api":"csp_Lgyy","searchable":1,"quickSearch":1,"filterable":1,"ext":""},
{"key":"csp_Zxzj","name":"在线之家(SP)","type":3,"api":"csp_Zxzj","searchable":1,"quickSearch":1,"filterable":1,"ext":""},
{"key":"csp_Cokemv","name":"Cokemv(SP)","type":3,"api":"csp_Cokemv","searchable":1,"quickSearch":1,"filterable":1,"ext":""},
{"key":"csp_JuHuang","name":"剧荒(SP)","type":3,"api":"csp_Juhuang","searchable":1,"quickSearch":1,"filterable":1,"ext":""},
{"key":"csp_Fantuan","name":"饭团(SP)","type":3,"api":"csp_Fantuan","searchable":1,"quickSearch":1,"filterable":1,"ext":""},
{"key":"csp_Subaibai","name":"素白白(xP)","type":3,"api":"csp_XPathFilter","searchable":1,"quickSearch":1,"filterable":1,"ext":"https://rolf.coding.net/p/cat/d/cat/git/raw/master/subaibai.json?download=false"},
{"key":"csp_Qicui","name":"奇粹(SP)","type":3,"api":"csp_Qicui","searchable":1,"quickSearch":1,"filterable":1,"ext":""},
{"key":"csp_DY1990","name":"90(SP)","type":3,"api":"csp_DY1990","searchable":1,"quickSearch":1,"filterable":0},
{"key":"csp_xpath_Hdmoli","name":"Hdmoli(XPF)","type":3,"api":"csp_XPathHdmoli","searchable":1,"quickSearch":1,"filterable":1,"ext":"https://rolf.coding.net/p/cat/d/wuwumi/git/raw/master/hdmoli.json?download=false"},
{"key":"csp_xpath_egg","name":"注视(XPF)","type":3,"api":"csp_XPathGaze","searchable":1,"quickSearch":0,"filterable":1,"ext":"https://rolf.coding.net/p/cat/d/wuwumi/git/raw/master/gaze.json?download=false"},
{
      "key": "ftys_spider",
      "name": "饭团影(SP)",
      "type": 3,
      "api": "csp_Fantuan",
      "searchable": 1,
      "quickSearch": 1,
      "filterable": 1,
      "ext": "https://rolf.coding.net/p/cat/d/wuwumi/git/raw/master/14742062488"
    },
    {"key":"csp_ysgc","name":"影视工厂(Xp)","type":3,"api":"csp_XPathFilter","searchable":1,"quickSearch":1,"filterable":0,"ext":"https://rolf.coding.net/p/cat/d/cat/git/raw/master/ysgc.json?download=false"},
    {
      "key": "csp_xpath_猫群专用在线猫群首发-猫友撸天下原创",
      "name": "在线之家",
      "type": 3,
      "api": "csp_XPath",
      "searchable": 1,
      "quickSearch": 1,
      "filterable": 1,
      "ext": "https://rolf.coding.net/p/cat/d/cat/git/raw/master/zaixianzhijia.js?download=false"
    },
    
    {
      "key": "csp_appysv2_嗷呜视频",
      "name": "嗷呜视频(优)",
      "type": 3,
      "api": "csp_AppYsV2",
      "searchable": 1,
      "quickSearch": 1,
      "filterable": 1,
      "ext": "http://www.cx99999.cn/lvdou_api.php/v1.vod"
    },
    {
      "key": "csp_xpath_猫群自维护源27",
      "name": "达达兔",
      "type": 3,
      "api": "csp_XPath",
      "searchable": 1,
      "quickSearch": 1,
      "filterable": 1,
      "ext": "https://rolf.coding.net/p/cat/d/cat/git/raw/master/dadatu.js?download=false"
    },
    {
      "key": "csp_xpath_lib",
      "name": "LIBVIO(XP)",
      "type": 3,
      "api": "csp_XPathFilter",
      "searchable": 1,
      "quickSearch": 1,
      "filterable": 1,
      "ext": "https://rolf.coding.net/p/cat/d/cat/git/raw/master/libvo414.json?download=false"
    },
    {
      "key": "csp_xpath_kuqimv",
      "name": "酷奇MV(XP)",
      "type": 3,
      "api": "csp_XPath",
      "searchable": 0,
      "quickSearch": 0,
      "filterable": 0,
      "ext": "https://rolf.coding.net/p/cat/d/wuwumi/git/raw/master/kuqimv.json"
    },
    {
      "key": "csp_xpath_dsxys",
      "name": "大师兄(XPM)",
      "type": 3,
      "api": "csp_XPathMacFilter",
      "searchable": 1,
      "quickSearch": 1,
      "filterable": 1,
      "ext": "https://rolf.coding.net/p/cat/d/cat/git/raw/master/dsxys.json?download=false"
    },
    {
      "key": "csp_xpath_dmntv",
      "name": "狐灵影视(XPM)",
      "type": 3,
      "api": "csp_XPathMacFilter",
      "searchable": 1,
      "quickSearch": 1,
      "filterable": 1,
      "ext": "https://rolf.coding.net/p/cat/d/cat/git/raw/master/dmntv.json?download=false"
    },
    {
      "key": "极速蓝光",
      "name": "极速蓝光",
      "type": 1,
      "api": "http://hs.zhuijuba.vip/api.php/provide/vod/",
      "searchable": 1,
      "quickSearch": 1,
      "filterable": 0
    },

    {
      "key": "奈菲迷",
      "name": "奈菲迷",
      "type": 1,
      "api": "https://app.netflixmi.com/ruifenglb_api.php/provide/vod/",
      "searchable": 1,
      "quickSearch": 1,
      "filterable": 0
    },
   {
      "key": "会员",
      "name": "会员",
      "type": 1,
      "api": "http://caiji.nxflv.com/api.php/provide/vod/",
      "searchable": 1,
      "quickSearch": 1,
      "filterable": 1
    },
    {
      "key": "csp_xpath_6d",
      "name": "六度TV(XPF)",
      "type": 3,
      "api": "csp_XPathFilter",
      "searchable": 1,
      "quickSearch": 1,
      "filterable": 1,
      "ext": "https://rolf.coding.net/p/cat/d/wuwumi/git/raw/master/6d.json"
    },
   
    {
      "key": "胖猫影视",
      "name": "胖猫影视",
      "type": 1,
      "api": "http://www.pangmaotv.com/api.php/provide/vod/",
      "searchable": 1,
      "quickSearch": 1,
      "filterable": 0
    },
    {
      "key": "csp_xpath_doujiaow",
      "name": "豆角网(XPF)",
      "type": 3,
      "api": "csp_XPathMac",
      "searchable": 1,
      "quickSearch": 1,
      "filterable": 1,
      "ext": "https://rolf.coding.net/p/cat/d/wuwumi/git/raw/master/doujiaow.json?download=false"
    },
    {
      "key": "csp_xpath_auete",
      "name": "Auete影视(XPF)",
      "type": 3,
      "api": "csp_XPathFilter",
      "searchable": 1,
      "quickSearch": 0,
      "filterable": 1,
      "ext": "https://rolf.coding.net/p/cat/d/wuwumi/git/raw/master/auete.json?download=false"
    },
    {
      "key": "csp_xpath_yanet",
      "name": "鸭奈飞(XP)",
      "type": 3,
      "api": "csp_XPathFilter",
      "searchable": 1,
      "quickSearch": 1,
      "filterable": 1,
      "ext": "https://rolf.coding.net/p/cat/d/cat/git/raw/master/yanet.json?download=false"
    },
    {
      "key": "csp_xpath_ddg",
      "name": "达达龟(XP)",
      "type": 3,
      "api": "csp_XPathFilter",
      "searchable": 1,
      "quickSearch": 1,
      "filterable": 1,
      "ext": "https://rolf.coding.net/p/cat/d/cat/git/raw/master/dadagui.json?download=false"
    },
    {
      "key": "csp_xpath_jbb",
      "name": "剧白白(XP)",
      "type": 3,
      "api": "csp_XPathMacFilter",
      "searchable": 1,
      "quickSearch": 1,
      "filterable": 1,
      "ext": "https://rolf.coding.net/p/cat/d/cat/git/raw/master/jubaibai.json?download=false"
    },
    {
      "key": "csp_xpath_tjyy",
      "name": "奇优影院(XP)",
      "type": 3,
      "api": "csp_XPathMac",
      "searchable": 1,
      "quickSearch": 1,
      "filterable": 0,
      "ext": "https://rolf.coding.net/p/cat/d/wuwumi/git/raw/master/huigutongying.json"
    },
    {
      "key": "csp_xpath_dy888",
      "name": "电影888(XP)",
      "type": 3,
      "api": "csp_XPathMac",
      "searchable": 1,
      "quickSearch": 1,
      "filterable": 0,
      "ext": "https://rolf.coding.net/p/cat/d/wuwumi/git/raw/master/dy888.json"
    },
    {
      "key": "csp_xpath_yyotv",
      "name": "小太阳(XP)",
      "type": 3,
      "api": "csp_XPath",
      "searchable": 1,
      "quickSearch": 1,
      "filterable": 0,
      "ext": "https://rolf.coding.net/p/cat/d/wuwumi/git/raw/master/yyotv.json"
    },
        {
      "key": "csp_xpath_naikan",
      "name": "耐看",
      "type": 3,
      "api": "csp_XPathFilter",
      "searchable": 1,
      "quickSearch": 1,
      "filterable": 1,
      "ext": "https://hk1.monika.love/tvba/x/main/516-naikan.js"
    },
    {
      "key": "csp_xpath_kankan",
      "name": "看看",
      "type": 3,
      "api": "csp_XPathMacFilter",
      "searchable": 1,
      "quickSearch": 1,
      "filterable": 1,
      "ext": "https://hk1.monika.love/tvba/x/main/516-wmkankan.js"
    },
    {
      "key": "csp_xpath_heidong",
      "name": "黑洞",
      "type": 3,
      "api": "csp_XPathMac",
      "searchable": 1,
      "quickSearch": 1,
      "filterable": 1,
      "ext": "https://hk1.monika.love/tvba/x/main/505-heidong.js"
    },
        {
      "key": "csp_xpath_03",
      "name": "影吧",
      "type": 3,
      "api": "csp_XPath",
      "searchable": 1,
      "quickSearch": 1,
      "filterable": 1,
      "ext": "https://hk1.monika.love/tvba/x/main/519-yingba.json"
    },
{
      "key": "csp_xpath_72",
      "name": "钉钉",
      "type": 3,
      "api": "csp_XPath",
      "searchable": 1,
      "quickSearch": 1,
      "filterable": 1,
      "ext": "https://hk1.monika.love/tvba/x/main/519-dingzidy.json"
    },

    {
      "key": "csp_xpath_lkvod",
      "name": "来看点播(XP)",
      "type": 3,
      "api": "csp_XPath",
      "searchable": 1,
      "quickSearch": 1,
      "filterable": 0,
      "ext": "https://rolf.coding.net/p/cat/d/wuwumi/git/raw/master/lkvod.json"
    },
    {
      "key": "csp_xpath_zj883",
      "name": "追剧网(XP)",
      "type": 3,
      "api": "csp_XPath",
      "searchable": 1,
      "quickSearch": 1,
      "filterable": 0,
      "ext": "https://rolf.coding.net/p/cat/d/wuwumi/git/raw/master/zj883.json"
    },
    {
      "key": "csp_Enlienli",
      "name": "嗯哩嗯哩(爬虫)",
      "type": 3,
      "api": "csp_Enlienli",
      "searchable": 1,
      "quickSearch": 0,
      "filterable": 1
    },
    {
      "key": "csp_Nekk",
      "name": "9亿爬虫",
      "type": 3,
      "api": "csp_Nekk",
      "searchable": 1,
      "quickSearch": 0,
      "filterable": 1
    },
    {
      "key": "csp_9e",
      "name": "9e",
      "type": 3,
      "api": "csp_XPath",
      "searchable": 1,
      "quickSearch": 1,
      "filterable": 1,
      "ext": "https://gitee.com/rolf963/js/raw/master/9e.json"
    },
    {
      "key": "csp_zzzlike",
      "name": "VOD",
      "type": 3,
      "api": "csp_XPath",
      "searchable": 1,
      "quickSearch": 1,
      "filterable": 1,
      "ext": "https://rolf.coding.net/p/cat/d/wuwumi/git/raw/master/zzzlike.json?download=false"
    },
    {
      "key": "csp_xpath_789ba",
      "name": "789看片(XPM)",
      "type": 3,
      "api": "csp_XPathRec",
      "searchable": 1,
      "quickSearch": 1,
      "filterable": 1,
      "ext": "https://rolf.coding.net/p/cat/d/cat/git/raw/master/789ba.json?download=false"
    },
    {
      "key": "csp_xpath_348z",
      "name": "348电影(XPF)",
      "type": 3,
      "api": "csp_XPathFilter",
      "searchable": 1,
      "quickSearch": 1,
      "filterable": 1,
      "ext": "https://rolf.coding.net/p/cat/d/wuwumi/git/raw/master/348z.json"
    },
    {
      "key": "csp_xpath_dandanzan10",
      "name": "蛋蛋赞(电影)(XPF)",
      "type": 3,
      "api": "csp_XPathFilter",
      "searchable": 0,
      "quickSearch": 0,
      "filterable": 1,
      "ext": "https://rolf.coding.net/p/cat/d/wuwumi/git/raw/master/dandanzan10.json"
    },
    {
      "key": "csp_xpath_dmntv",
      "name": "弹幕影院(XPF)",
      "type": 3,
      "api": "csp_XPathMacFilter",
      "searchable": 1,
      "quickSearch": 1,
      "filterable": 1,
      "ext": "https://rolf.coding.net/p/cat/d/wuwumi/git/raw/master/dmntv.json"
    },
    {
      "key": "csp_XPath_bidiys",
      "name": "哔嘀影视(XP)",
      "type": 3,
      "api": "csp_XPathFilter",
      "searchable": 1,
      "quickSearch": 1,
      "filterable": 0,
      "ext": "https://rolf.coding.net/p/cat/d/wuwumi/git/raw/master/bidiys.json"
    },
    {
      "key": "csp_xpath_94sm",
      "name": "94神马(XP)",
      "type": 3,
      "api": "csp_XPath",
      "searchable": 1,
      "quickSearch": 1,
      "filterable": 0,
      "ext": "https://rolf.coding.net/p/cat/d/cat/git/raw/master/94sm.json?download=false"
    },
    {
      "key": "csp_xpath_4kpianku",
      "name": "4k片库网(XPM)",
      "type": 3,
      "api": "csp_XPathMacFilter",
      "searchable": 1,
      "quickSearch": 1,
      "filterable": 1,
      "ext": "https://rolf.coding.net/p/cat/d/cat/git/raw/master/4kpianku.json?download=false"
    },
    {
      "key": "csp_xpath_czspp",
      "name": "厂长资源(XPath)",
      "type": 3,
      "api": "csp_XPath",
      "searchable": 1,
      "quickSearch": 1,
      "filterable": 0,
      "ext": "https://rolf.coding.net/p/cat/d/cat/git/raw/master/czspp.json?download=false"
    },
    {
      "key": "csp_appysv2_4K影院",
      "name": "4K影院(优)",
      "type": 3,
      "api": "csp_AppYsV2",
      "searchable": 1,
      "quickSearch": 1,
      "filterable": 1,
      "ext": "http://1api.4kdytv.com/api.php/v1.vod"
    },
    {
      "key": "csp_appysv2_DC影视",
      "name": "DC影视(优)",
      "type": 3,
      "api": "csp_AppYsV2",
      "searchable": 1,
      "quickSearch": 1,
      "filterable": 1,
      "ext": "http://chaorenbb.com/api.php/v1.vod"
    },
    {
      "key": "csp_appysv2_流星",
      "name": "流星",
      "type": 3,
      "api": "csp_AppYsV2",
      "searchable": 1,
      "quickSearch": 1,
      "filterable": 1,
      "ext": "http://fkxs2233.com/mogai_api.php/v1.vod"
    },
    {
      "key": "淘剧鸭",
      "name": "淘剧鸭",
      "type": 1,
      "api": "https://so2.cc/api.php/provide/vod/",
      "searchable": 1,
      "quickSearch": 1,
      "filterable": 0
    },
    {
      "key": "293影视",
      "name": "293影视",
      "type": 1,
      "api": "http://293x.yhzy.xyz/mv/api.php/provide/vod/",
      "searchable": 1,
      "quickSearch": 1,
      "filterable": 0
    },
    {
      "key": "酷猫影视",
      "name": "酷猫影视",
      "type": 1,
      "api": "https://www.pgcms10.com/api.php/provide/vod/",
      "searchable": 1,
      "quickSearch": 1,
      "filterable": 0
    },
    {
      "key": "csp_xpath_meiju56",
      "name": "美剧网(XPM)",
      "type": 3,
      "api": "csp_XPathMacFilter",
      "searchable": 1,
      "quickSearch": 1,
      "filterable": 1,
      "ext": "https://rolf.coding.net/p/cat/d/cat/git/raw/master/meiju56.json?download=false"
    },
    {
      "key": "csp_xpath_猫群自维护源04",
      "name": "久久",
      "type": 3,
      "api": "csp_XPath",
      "searchable": 1,
      "quickSearch": 1,
      "filterable": 1,
      "ext": "https://rolf.coding.net/p/cat/d/cat/git/raw/master/jiujiukanpian414.js?download=false"
    },
    {
      "key": "天堂",
      "name": "天堂",
      "type": 0,
      "api": "http://vipmv.cc/api.php/provide/vod/at/xml",
      "searchable": 1,
      "quickSearch": 1,
      "filterable": 0
    },
    {
      "key": "csp_appysv2_迪迪影院v2",
      "name": "迪迪影院v2(M2)",
      "type": 3,
      "api": "csp_AppYsV2",
      "searchable": 1,
      "quickSearch": 1,
      "filterable": 1,
      "ext": "http://dd88.icu:6080/xgapp.php/v2/"
    },
    {
      "key": "csp_appysv2_剧白白v2",
      "name": "剧白白v2(M2)",
      "type": 3,
      "api": "csp_AppYsV2",
      "searchable": 1,
      "quickSearch": 1,
      "filterable": 1,
      "ext": "https://v.pipitu.top/xgapp.php/v2/"
    },
    {
      "key": "csp_appysv2_六神影视",
      "name": "六神影视(M2)",
      "type": 3,
      "api": "csp_AppYsV2",
      "searchable": 1,
      "quickSearch": 1,
      "filterable": 1,
      "ext": "http://300kan.top/mogai_api.php/v1.vod"
    },
    {
      "key": "csp_appysv2_蓝光动漫",
      "name": "蓝光动漫(M2)",
      "type": 3,
      "api": "csp_AppYsV2",
      "searchable": 1,
      "quickSearch": 1,
      "filterable": 1,
      "ext": "https://v.lvdi.vip/api.php/app/"
    },
    {
      "key": "csp_appysv2_4k狗",
      "name": "4k狗(M2)",
      "type": 3,
      "api": "csp_AppYsV2",
      "searchable": 1,
      "quickSearch": 1,
      "filterable": 1,
      "ext": "http://4kdog.tk/api.php/app/"
    },
    {
      "key": "csp_appysv2_躺平影视",
      "name": "躺平影视(M2)",
      "type": 3,
      "api": "csp_AppYsV2",
      "searchable": 1,
      "quickSearch": 1,
      "filterable": 1,
      "ext": "http://www.lltpys.com/xgapp.php/v1/"
    },
    {
      "key": "csp_appys_xiaogui_躺平蓝光",
      "name": "躺平蓝光(搜)",
      "type": 3,
      "api": "csp_AppYs",
      "searchable": 1,
      "quickSearch": 1,
      "filterable": 1,
      "ext": "http://www.lltpys.com/api.php/app/"
    },
    {
      "key": "csp_appysv2_钟特影视",
      "name": "钟特影视(M)",
      "type": 3,
      "api": "csp_AppYsV2",
      "searchable": 1,
      "quickSearch": 1,
      "filterable": 1,
      "ext": "https://app.zteys.com/api.php/v1.vod"
    },
    {
      "key": "csp_appysv2_好6哦影视",
      "name": "好6哦影视(M)",
      "type": 3,
      "api": "csp_AppYsV2",
      "searchable": 1,
      "quickSearch": 1,
      "filterable": 1,
      "ext": "https://hao6o.com/mogai_api.php/v1.vod"
    },
    {
      "key": "csp_Juhi",
      "name": "剧嗨(爬)",
      "type": 3,
      "api": "csp_Juhi",
      "searchable": 1,
      "quickSearch": 1,
      "filterable": 1
    },
    {
      "key": "csp_appysv2_影视大全",
      "name": "影视大全(优)",
      "type": 3,
      "api": "csp_AppYsV2",
      "searchable": 1,
      "quickSearch": 1,
      "filterable": 1,
      "ext": "https://app.okmedcos.com/api.php/v1.vod"
    },
    {
      "key": "csp_appysv2_益达影院",
      "name": "益达影院(优)",
      "type": 3,
      "api": "csp_AppYsV2",
      "searchable": 1,
      "quickSearch": 1,
      "filterable": 1,
      "ext": "http://luobu.yss6080.com/mogai_api.php/v1.vod"
    },
    {
      "key": "csp_appysv2_阿里影视",
      "name": "阿里影视(M)",
      "type": 3,
      "api": "csp_AppYsV2",
      "searchable": 1,
      "quickSearch": 0,
      "filterable": 1,
      "ext": "http://aliys.cn:90/api.php/v1.vod"
    },
    {
      "key": "csp_appysv2_CV影视",
      "name": "CV影视(M)",
      "type": 3,
      "api": "csp_AppYsV2",
      "searchable": 1,
      "quickSearch": 0,
      "filterable": 1,
      "ext": "http://www.cccvvv.top/api.php/iptv/vod/"
    },
    {
      "key": "csp_appys_黑熊影视",
      "name": "大熊影视(搜)",
      "type": 3,
      "api": "csp_AppYs",
      "searchable": 1,
      "quickSearch": 1,
      "filterable": 1,
      "ext": "https://dxys2233.com/mogai_api.php/v1.vod"
    },
    {
      "key": "csp_appysv2_天空影视V2",
      "name": "天空影视V2(M2)",
      "type": 3,
      "api": "csp_AppYsV2",
      "searchable": 1,
      "quickSearch": 0,
      "filterable": 1,
      "ext": "https://www.tkys.tv/xgapp.php/v2/"
    },
    {
      "key": "csp_appys_v1_雪花资源",
      "name": "雪花资源(搜)",
      "type": 3,
      "api": "csp_AppYs",
      "searchable": 1,
      "quickSearch": 1,
      "filterable": 1,
      "ext": "https://zy.qd234.cn/mogai_api.php/v1.vod"
    },
    {
      "key": "csp_N0ys",
      "name": "90影视(爬虫)",
      "type": 3,
      "api": "csp_N0ys",
      "searchable": 1,
      "quickSearch": 0,
      "filterable": 0
    },
    {
      "key": "csp_xpath_猫群自维护源14",
      "name": "来米",
      "type": 3,
      "api": "csp_XPath",
      "searchable": 1,
      "quickSearch": 1,
      "filterable": 1,
      "ext": "https://rolf.coding.net/p/cat/d/cat/git/raw/master/milaiqdytv414.js?download=false"
    },
    {
      "key": "csp_xpath_01-猫群自维护源01",
      "name": "乐猪",
      "type": 3,
      "api": "csp_XPathMac",
      "searchable": 0,
      "quickSearch": 0,
      "filterable": 1,
      "ext": "https://rolf.coding.net/p/cat/d/cat/git/raw/master/lezhutv414.js?download=false"
    },
    {
      "key": "csp_appysv2_速播",
      "name": "手指",
      "type": 3,
      "api": "csp_AppYsV2",
      "searchable": 1,
      "quickSearch": 0,
      "filterable": 1,
      "ext": "https://szys5678.com/mogai_api.php/v1.vod"
    },
    {
      "key": "csp_xpath_猫群专用天天影视",
      "name": "天天影视",
      "type": 3,
      "api": "csp_XPath",
      "searchable": 1,
      "quickSearch": 1,
      "filterable": 1,
      "ext": "https://uujs.ml/api/v3/file/source/7638/%E5%A4%A9%E5%A4%A9%E5%BD%B1%E8%A7%86.json?sign=TC7v3PLLPwamaN3cnMYZu3UKvU2oCKqLsPGPNRAUjV0%3D%3A0"
    },
    {
      "key": "csp_XPathMacFilter_猫群自维护源02",
      "name": "极品",
      "type": 3,
      "api": "csp_XPathMacFilter",
      "searchable": 0,
      "quickSearch": 0,
      "filterable": 1,
      "ext": "https://rolf.coding.net/p/cat/d/cat/git/raw/master/jpys414.js?download=false"
    },
    {
      "key": "csp_xpath_猫群自维护源15",
      "name": "片吧",
      "type": 3,
      "api": "csp_XPath",
      "searchable": 0,
      "quickSearch": 0,
      "filterable": 1,
      "ext": "https://rolf.coding.net/p/cat/d/cat/git/raw/master/pianba414.js?download=false"
    },
    {
      "key": "csp_appys_v1_爱美剧",
      "name": "爱美剧(搜)",
      "type": 3,
      "api": "csp_AppYs",
      "searchable": 1,
      "quickSearch": 1,
      "filterable": 1,
      "ext": "https://meijuchong.com/api.php/v1.vod"
    },
    {
      "key": "csp_appys_v1_麻子视频",
      "name": "麻子视频(搜)",
      "type": 3,
      "api": "csp_AppYs",
      "searchable": 1,
      "quickSearch": 1,
      "filterable": 1,
      "ext": "http://aliyun.k8aa.com/mogai_api.php/v1.vod"
    },
    {
      "key": "csp_appys_最爱影迷",
      "name": "最爱影迷(搜)",
      "type": 3,
      "api": "csp_AppYs",
      "searchable": 1,
      "quickSearch": 1,
      "filterable": 1,
      "ext": "https://www.inmi.app/xgapp.php/v1/"
    },
    {
      "key": "csp_appys_xiaogui_快影音",
      "name": "快影音(搜)",
      "type": 3,
      "api": "csp_AppYs",
      "searchable": 1,
      "quickSearch": 1,
      "filterable": 1,
      "ext": "https://www.kuaiyunyy.com/api.php/app/"
    },
    {
      "key": "csp_appys_追剧王",
      "name": "追剧王(搜)",
      "type": 3,
      "api": "csp_AppYs",
      "searchable": 1,
      "quickSearch": 1,
      "filterable": 1,
      "ext": "http://app1.udo.cc/api.php/app/"
    },
    {
      "key": "csp_appysv2_tvip",
      "name": "tvip(v1)",
      "type": 3,
      "api": "csp_AppYsV2",
      "searchable": 1,
      "quickSearch": 1,
      "filterable": 1,
      "ext": "http://app.tvip.cc/api.php/v1.vod"
    },
    {
      "key": "csp_appysv2_飓风影院",
      "name": "飓风影院(v1)",
      "type": 3,
      "api": "csp_AppYsV2",
      "searchable": 1,
      "quickSearch": 1,
      "filterable": 1,
      "ext": "http://yidayy.top/lehailb_api.php/v1.vod"
    },
    {
      "key": "乐多资源",
      "name": "乐多资源(搜)",
      "type": 0,
      "api": "http://cj.leduocaiji.com/inc/api.php",
      "playUrl": "https://ldy.jx.cn/wp-api/ifr.php?vid=",
      "searchable": 1,
      "quickSearch": 1,
      "filterable": 0
    },
    {
      "key": "无尽资源",
      "name": "无尽资源(快搜结束)",
      "type": 1,
      "api": "https://wujinzy.com/api.php/provide/vod/",
      "playUrl": "https://jx.xhswglobal.com/dplayer/?url=",
      "searchable": 1,
      "quickSearch": 1,
      "filterable": 0
    },
    {
      "key": "csp_appysv2_雪梨",
      "name": "雪梨(优)",
      "type": 3,
      "api": "csp_AppYsV2",
      "searchable": 1,
      "quickSearch": 1,
      "filterable": 1,
      "ext": "https://zsb2233.com/mogai_api.php/v1.vod"
    },
    {
      "key": "csp_appys_快云影音",
      "name": "快云影音(优)",
      "type": 3,
      "api": "csp_AppYsV2",
      "searchable": 1,
      "quickSearch": 1,
      "filterable": 1,
      "ext": "https://www.kuaiyunyy.com/api.php/app/"
    },
    {
      "key": "csp_appysv2_CJT影院",
      "name": "CJT影院(优)",
      "type": 3,
      "api": "csp_AppYsV2",
      "searchable": 1,
      "quickSearch": 1,
      "filterable": 1,
      "ext": "https://www.cjt521.com/api.php/v1.vod"
    },
    {
      "key": "csp_appysv2_F7高清",
      "name": "F7高清(优)",
      "type": 3,
      "api": "csp_AppYsV2",
      "searchable": 1,
      "quickSearch": 1,
      "filterable": 1,
      "ext": "http://bc.haokanju1.cc/lvdou_api.php/v1.vod"
    },
    {
      "key": "csp_appysv2_爱酷影视",
      "name": "爱酷影视(优)",
      "type": 3,
      "api": "csp_AppYsV2",
      "searchable": 1,
      "quickSearch": 1,
      "filterable": 1,
      "ext": "https://www.zhanlangbu.com/ruifenglb_api.php/v1.vod"
    },
    {
      "key": "csp_appysv2_独播社",
      "name": "独播社(优)",
      "type": 3,
      "api": "csp_AppYsV2",
      "searchable": 1,
      "quickSearch": 1,
      "filterable": 1,
      "ext": "http://35ys.cc/api.php/v1.vod"
    },
    {
      "key": "csp_appysv2_段友影视",
      "name": "段友影视(优)",
      "type": 3,
      "api": "csp_AppYsV2",
      "searchable": 1,
      "quickSearch": 1,
      "filterable": 1,
      "ext": "http://121.204.249.135:4433/ruifenglb_api.php/v1.vod"
    },
    {
      "key": "csp_appysv2_段友2影视",
      "name": "段友2影视(优)",
      "type": 3,
      "api": "csp_AppYsV2",
      "searchable": 1,
      "quickSearch": 1,
      "filterable": 1,
      "ext": "https://shangjihuoke.com/api.php/tv.vod"
    },
    {
      "key": "csp_appysv2_粉象视界",
      "name": "粉象视界(优)",
      "type": 3,
      "api": "csp_AppYsV2",
      "searchable": 1,
      "quickSearch": 1,
      "filterable": 1,
      "ext": "http://42.157.129.15:34444/lvdou_api.php/v1.vod"
    },
    {
      "key": "csp_appysv2_看看影视",
      "name": "看看影视(优)",
      "type": 3,
      "api": "csp_AppYsV2",
      "searchable": 1,
      "quickSearch": 1,
      "filterable": 1,
      "ext": "http://kk.ccboke.top/ruifenglb_api.php/v1.vod"
    },
    {
      "key": "csp_appysv2_猫咪TV",
      "name": "猫咪TV(优)",
      "type": 3,
      "api": "csp_AppYsV2",
      "searchable": 1,
      "quickSearch": 1,
      "filterable": 1,
      "ext": "http://106.12.113.90:6565/api.php/iptv/vod/"
    },
    {
      "key": "csp_appysv2_绿箭影视",
      "name": "绿箭影视(优)",
      "type": 3,
      "api": "csp_AppYsV2",
      "searchable": 1,
      "quickSearch": 1,
      "filterable": 1,
      "ext": "http://www.69ty.cc/mogai_api.php/v1.vod"
    },
    {
      "key": "csp_appysv2_零刻影院",
      "name": "零刻影院(优)",
      "type": 3,
      "api": "csp_AppYsV2",
      "searchable": 1,
      "quickSearch": 1,
      "filterable": 1,
      "ext": "https://ys.ling00.cn/api.php/v1.vod"
    },
    {
      "key": "csp_appysv2_蜜蜂影视",
      "name": "蜜蜂影视(优)",
      "type": 3,
      "api": "csp_AppYsV2",
      "searchable": 1,
      "quickSearch": 1,
      "filterable": 1,
      "ext": "http://app.f8tp.com/lvdou_api.php/v1.vod"
    },
    {
      "key": "csp_appysv2_麻瓜视频",
      "name": "麻瓜视频(优)",
      "type": 3,
      "api": "csp_AppYsV2",
      "searchable": 1,
      "quickSearch": 1,
      "filterable": 1,
      "ext": "http://aliyun.k8aa.com/mogai_api.php/v1.vod"
    },
    {
      "key": "csp_appys_美剧虫",
      "name": "美剧虫(优)",
      "type": 3,
      "api": "csp_AppYs",
      "searchable": 1,
      "quickSearch": 1,
      "filterable": 1,
      "ext": "https://meijuchong.com/api.php/v1.vod"
    },
    {
      "key": "csp_appysv2_南府影视",
      "name": "南府影视(优)",
      "type": 3,
      "api": "csp_AppYsV2",
      "searchable": 1,
      "quickSearch": 1,
      "filterable": 1,
      "ext": "http://iapp.nfuxs.club/dnmb.php/v1.vod"
    },
    {
      "key": "csp_appysv2_暖光影视",
      "name": "暖光影视(优)",
      "type": 3,
      "api": "csp_AppYsV2",
      "searchable": 1,
      "quickSearch": 1,
      "filterable": 1,
      "ext": "https://app.bl210.com/api.php/v1.vod"
    },
    {
      "key": "csp_appysv2_影视大全",
      "name": "影视大全(优)",
      "type": 3,
      "api": "csp_AppYsV2",
      "searchable": 1,
      "quickSearch": 1,
      "filterable": 1,
      "ext": "http://app.269w.com/api.php/v1.vod"
    },
    {
      "key": "csp_appysv2_月色影视",
      "name": "月色影视(优)",
      "type": 3,
      "api": "csp_AppYsV2",
      "searchable": 1,
      "quickSearch": 1,
      "filterable": 1,
      "ext": "http://69ty.cc/mogai_api.php/v1.vod"
    },
    {
      "key": "csp_appysv2_优视影视",
      "name": "优视影视(优)",
      "type": 3,
      "api": "csp_AppYsV2",
      "searchable": 1,
      "quickSearch": 1,
      "filterable": 1,
      "ext": "http://app.ysys.asia/lvdou_api.php/v1.vod"
    },
    {
      "key": "csp_appysv2_影阅阁",
      "name": "影阅阁(优)",
      "type": 3,
      "api": "csp_AppYsV2",
      "searchable": 1,
      "quickSearch": 1,
      "filterable": 1,
      "ext": "http://221.236.18.12:665/api.php/v1.vod"
    },
    {
      "key": "csp_appysv2_追剧吧",
      "name": "追剧吧(优)",
      "type": 3,
      "api": "csp_AppYsV2",
      "searchable": 1,
      "quickSearch": 1,
      "filterable": 1,
      "ext": "http://zhuiju8.vip/api.php/v1.vod"
    },
    {
      "key": "csp_appysv2_2号币",
      "name": "2号币(IPTV)",
      "type": 3,
      "api": "csp_AppYsV2",
      "searchable": 1,
      "quickSearch": 0,
      "filterable": 1,
      "ext": "http://phoebe.cf/api.php/iptv/vod/"
    },
    {
      "key": "csp_appysv2_爱西西TV",
      "name": "爱西西TV(IPTV)",
      "type": 3,
      "api": "csp_AppYsV2",
      "searchable": 1,
      "quickSearch": 0,
      "filterable": 1,
      "ext": "http://tv2.aixixi.vip/api.php/iptv/vod/"
    },
    {
      "key": "csp_appysv2_叮当TV",
      "name": "叮当TV(IPTV)",
      "type": 3,
      "api": "csp_AppYsV2",
      "searchable": 1,
      "quickSearch": 0,
      "filterable": 1,
      "ext": "http://tv.hyddys.top/api.php/iptv/vod/"
    },
    {
      "key": "csp_appysv2_嘀哩嘀哩",
      "name": "嘀哩嘀哩(IPTV)",
      "type": 3,
      "api": "csp_AppYsV2",
      "searchable": 1,
      "quickSearch": 0,
      "filterable": 1,
      "ext": "https://api.diliktv.xyz/api.php/Chengcheng/vod/"
    },
    {
      "key": "csp_appysv2_非凡影院",
      "name": "非凡影院(IPTV)",
      "type": 3,
      "api": "csp_AppYsV2",
      "searchable": 1,
      "quickSearch": 0,
      "filterable": 1,
      "ext": "http://cms.feifan12.xyz/api.php/iptv/vod/"
    },
    {
      "key": "csp_appysv2_飞扬TV",
      "name": "飞扬TV(IPTV)",
      "type": 3,
      "api": "csp_AppYsV2",
      "searchable": 1,
      "quickSearch": 0,
      "filterable": 1,
      "ext": "http://diancj.zhenfy.cn/api.php/Chengcheng/vod/"
    },
    {
      "key": "csp_appysv2_嘿荼锋",
      "name": "嘿荼锋(IPTV)",
      "type": 3,
      "api": "csp_AppYsV2",
      "searchable": 1,
      "quickSearch": 0,
      "filterable": 1,
      "ext": "http://tv.hfys8.vip/api.php/Sntv/vod/"
    },
    {
      "key": "csp_appysv2_黑龙影视",
      "name": "黑龙影视(IPTV)",
      "type": 3,
      "api": "csp_AppYsV2",
      "searchable": 1,
      "quickSearch": 0,
      "filterable": 1,
      "ext": "http://vip.ji-ding-he.site/api.php/iptv/vod/"
    },
    {
      "key": "csp_appysv2_米奇TV",
      "name": "米奇TV(IPTV)",
      "type": 3,
      "api": "csp_AppYsV2",
      "searchable": 1,
      "quickSearch": 0,
      "filterable": 1,
      "ext": "http://www.s6ep3.top/api.php/iptv/vod/"
    },
    {
      "key": "csp_appysv2_山楂影视",
      "name": "山楂影视(IPTV)",
      "type": 3,
      "api": "csp_AppYsV2",
      "searchable": 1,
      "quickSearch": 0,
      "filterable": 1,
      "ext": "http://dy6.dcd1.cn/api.php/iptv/vod/"
    },
    {
      "key": "csp_appysv2_虾皮视频",
      "name": "虾皮视频(IPTV)",
      "type": 3,
      "api": "csp_AppYsV2",
      "searchable": 1,
      "quickSearch": 0,
      "filterable": 1,
      "ext": "http://tv.cmt8.xyz/api.php/iptv/vod/"
    },
    {
      "key": "csp_appysv2_小熊猫TV",
      "name": "小熊猫TV(IPTV)",
      "type": 3,
      "api": "csp_AppYsV2",
      "searchable": 1,
      "quickSearch": 0,
      "filterable": 1,
      "ext": "http://tv2.hetaoys.vip/api.php/iptv/vod/"
    },
    {
      "key": "csp_77",
      "name": "77(爬虫)",
      "type": 3,
      "api": "csp_Kunyu77",
      "searchable": 1,
      "quickSearch": 1,
      "filterable": 1
    },
    {
      "key": "官采",
      "name": "官采",
      "type": 1,
      "api": "http://107.150.5.146:39000/maccms10-main/api.php/provide/vod/",
      "playUrl": "json:https://api.m3u8.tv:5678/home/api?type=ys&uid=1931000&key=gktuvyzABEORSYZ135&url=",
      "searchable": 1,
      "quickSearch": 1,
      "filterable": 1
    },
    {
      "key": "芒果TV会员(官源)",
      "name": "芒果TV会员(官源)     ",
      "type": 0,
      "api": "http://zy.yilans.net:8090/api.php/provide/vod/from/mgtv/at/xml/",
      "searchable": 1,
      "quickSearch": 1,
      "filterable": 0
    },
    {
      "key": "csp_xpath_fantuan",
      "name": "饭团影院(XPath)",
      "type": 3,
      "api": "csp_XPathFilter",
      "searchable": 1,
      "quickSearch": 1,
      "filterable": 1,
      "ext": "https://rolf.coding.net/p/cat/d/cat/git/raw/master/fantuan.json?download=false"
    },
    {
      "key": "csp_appys_秒播",
      "name": "秒播",
      "type": 3,
      "api": "csp_AppYs",
      "searchable": 1,
      "quickSearch": 1,
      "filterable": 1,
      "ext": "http://ccxg.xazhutu.com/xgapp.php/v1/"
    },
    {
      "key": "csp_appysv2_影视阁",
      "name": "影视阁(IPTV)",
      "type": 3,
      "api": "csp_AppYsV2",
      "searchable": 1,
      "quickSearch": 0,
      "filterable": 1,
      "ext": "http://216.98.10.85/api.php/iptv/vod/"
    },
        {
      "key": "push_agent",
      "name": "推送",
      "type": 3,
      "api": "csp_PushAgent",
      "searchable": 0,
      "quickSearch": 0,
      "filterable": 0
    }
  ],
  "lives": [
    {
      "group": "redirect",
      "channels": [
        {
          "name": "redirect",
          "urls": [
            "proxy://do=live&type=txt&ext=aHR0cHM6Ly9yb2xmLmNvZGluZy5uZXQvcC9jYXQvZC9jYXQvZ2l0L3Jhdy9tYXN0ZXIvemIudHh0P2Rvd25sb2FkPWZhbHNl"
          ]
        }
      ]
    }
  ],
  "parses": [
    {
      "name": "解析聚合",
      "type": 3,
      "url": "Demo"
    },
    {
      "name": "Json并发",
      "type": 2,
      "url": "Parallel"
    },
    {
      "name": "Json轮询",
      "type": 2,
      "url": "Sequence"
    },
     {
      "name": "猫群专用2",
      "type": 1,
      "url": "https://json.hfyrw.com/mao.go?url="
    },
    {
      "name": "Pro",
      "type": 1,
      "url": "https://svip.rongxingvr.top/api/?key=wuM6hZbINH2KlmHEdY&url=",
      "ext": {
        "flag": [
          "ltnb",
          "rx",
          "qiyi",
          "爱奇艺",
          "qq",
          "奇艺",
          "sohu",
          "letv",
          "youku",
          "优酷",
          "mgtv",
          "芒果"
        ]
      }
    },

     {
      "name": "猫群专用解析y3",
      "type": 1,
      "url": "http://chaloli.cn/home/api?type=ys&uid=705072&key=abcdegipstBCFMSVZ6&fs=hz&url=",
      "ext": {
        "flag": [
          "youku",
          "qq",
          "iqiyi",
          "qiyi",
          "letv",
          "sohu",
          "letv",
          "tudou",
          "pptv",
          "mgtv",
          "wasu",
          "bilibili",
          "leduo",
          "fq3",
          "fq4",
          "xueren",
          "duoduo",
          "duoduozy",
          "miaoparty",
          "miaoparty2",
          "miaoparty3",
          "renrenmi",
          "优酷",
          "芒果",
          "腾讯",
          "爱奇艺",
          "奇艺",
          "ltnb",
          "rx",
          "CL4K",
          "xfyun",
          "wuduzy"
        ]
      }
    },
    {
      "name": "4K影院",
      "type": 1,
      "url": "http://47.100.138.210:91/home/api?type=ys&uid=7593435&key=ehortuyAHMNQTWX457&url=",
      "ext": {
        "flag": [
          "qiyi",
          "爱奇艺",
          "奇艺",
          "qq",
          "腾讯",
          "youku",
          "优酷",
          "pptv",
          "PPTV",
          "letv",
          "乐视",
          "mgtv",
          "芒果"
        ]
      }
    },
     {
      "name": "粉象视界",
      "type": 1,
      "url": "http://api.vip123kan.vip/?url=",
      "ext": {
        "flag": [
          "qq",
          "腾讯",
          "mgtv",
          "芒果",
          "youku",
          "优酷"
        ]
      }
    },
    
    {
      "name": "猫群专用5",
      "type": 1,
      "url": "https://api.m3u8.tv:5678/home/api?type=ys&uid=7631191&key=cdemqsxFGKLNRVXYZ9&url="
    },
       {
      "name": "解析14",
      "type": 1,
      "url": "https://api.parwix.com:4433/analysis/json/?uid=1735&my=cejkmnuvyBEFINR056&url="
    },
     {
      "name": "猫群专用15",
      "type": 1,
      "url": "http://120.77.94.20/jx?url="
    },
    {
      "name": "猫群专用解析y1",
      "type": 1,
      "url": "http://chaloli.cn/home/api?type=ys&uid=705072&key=abcdegipstBCFMSVZ6&url=",
      "ext": {
        "flag": [
          "youku",
          "qq",
          "iqiyi",
          "qiyi",
          "letv",
          "sohu",
          "letv",
          "tudou",
          "pptv",
          "mgtv",
          "wasu",
          "bilibili",
          "leduo",
          "fq3",
          "fq4",
          "xueren",
          "duoduo",
          "duoduozy",
          "miaoparty",
          "miaoparty2",
          "miaoparty3",
          "renrenmi",
          "优酷",
          "芒果",
          "腾讯",
          "爱奇艺",
          "奇艺",
          "ltnb",
          "rx",
          "CL4K",
          "xfyun",
          "wuduzy"
        ]
      }
    },
     {
      "name": "Rx",
      "type": 1,
      "url": "https://vvip.funsline.cn/api/?key=JNiddoRwmLBYehxnFq&url=",
      "ext": {
        "flag": [
          "rx",
          "youku",
          "优酷",
          "mgtv",
          "芒果",
          "qq",
          "腾讯",
          "qiyi",
          "爱奇艺",
          "qq",
          "奇艺"
        ]
      }
    },
      {
      "name": "leduo",
      "type": 1,
      "url": "https://api.ldjx.cc/wp-api/getvodurl.php?token=1001&vid=",
      "ext": {
        "flag": [
          "leduo"
        ]
      }
    },
    {
      "name": "猫群专用解析y2",
      "type": 1,
      "url": "http://chaloli.cn/home/api?type=ys&uid=705072&key=abcdegipstBCFMSVZ6&fs=sm&url=",
      "ext": {
        "flag": [
          "youku",
          "qq",
          "iqiyi",
          "qiyi",
          "letv",
          "sohu",
          "letv",
          "tudou",
          "pptv",
          "mgtv",
          "wasu",
          "bilibili",
          "leduo",
          "fq3",
          "fq4",
          "xueren",
          "duoduo",
          "duoduozy",
          "miaoparty",
          "miaoparty2",
          "miaoparty3",
          "renrenmi",
          "优酷",
          "芒果",
          "腾讯",
          "爱奇艺",
          "奇艺",
          "ltnb",
          "rx",
          "CL4K",
          "xfyun",
          "wuduzy"
        ]
      }
    },
    {
      "name": "解析05",
      "type": 1,
      "url": "http://jx.ledu8.cn/api/?key=P8QSgO61p1MpHV2ALn&url="
    },
    {
      "name": "解析27",
      "type": 1,
      "url": "https://vip.kpjx.cc/api/?key=3sKKYzWSxLmX1hnsMs&url="
    },
    {
      "name": "猫群专用9",
      "type": 1,
      "url": "https://json.pangujiexi.com:12345/json.php?url="
    },
   
   
     {
      "name": "yssl00",
      "type": 1,
      "url": "https://svip.bljiex.cc/?v="
    },
     {
      "name": "yssl01",
      "type": 1,
      "url": "https://jx.aidouer.net/?url="
    },
     {
      "name": "yssl02",
      "type": 1,
      "url": "https://vipjx.cc/?url="
    },
    {
      "name": "yssl04",
      "type": 1,
      "url": "https://bd.jx.cn/vip/?url="
    },
    {
      "name": "yssl05",
      "type": 1,
      "url": "https://vip.2ktvb.com/player/?url="
    },
    {
      "name": "06",
      "type": 1,
      "url": "http://app.jhys.top/1080kan/fuck.php?url="
    },
    {
      "name": "11",
      "type": 1,
      "url": "https://j.bcwzg.com/xg/?url="
    },
    {
      "name": "10",
      "type": 1,
      "url": "https://jhpc.manduhu.com/j1217.php?url="
    },
    {
      "name": "猫群专用14",
      "type": 1,
      "url": "https://json.legendwhb.cn/json.php/?url="
    },
    {
      "name": "Pro2",
      "type": 1,
      "url": "https://vip.rongxingvr.top/api/?type=ys&key=JJEZkZIhzkA4cUtBfR&url=",
      "ext": {
        "flag": [
          "ltnb",
          "rx",
          "qiyi",
          "爱奇艺",
          "qq",
          "奇艺",
          "sohu",
          "letv",
          "youku",
          "优酷",
          "mgtv",
          "芒果"
        ]
      }
    },
     {
      "name": "4K影院2",
      "type": 1,
      "url": "http://47.100.138.210:91/home/api?type=ys&uid=10992344&key=cdegmsvCFHNORTVYZ7&url=",
      "ext": {
        "flag": [
          "qiyi",
          "爱奇艺",
          "奇艺",
          "qq",
          "腾讯",
          "youku",
          "优酷",
          "pptv",
          "PPTV",
          "letv",
          "乐视",
          "mgtv",
          "芒果"
        ]
      }
    }, 
 
    {
      "name": "猫群9",
      "type": 1,
      "url": "https://jx.xuanqi.pro/?url="
    },
    {
      "name": "解析21",
      "type": 1,
      "url": "https://jx.xmflv.com/?url="
    },
    {
      "name": "Wuduzy",
      "type": 1,
      "url": "https://aa.xkys.tv/json.php?url=",
      "ext": {
        "flag": [
          "wuduzy"
        ]
      }
    },
       {
      "name": "biubiu解析0",
      "type": 1,
      "url": "https://api.jhdyw.vip/?url="
    },
    {
      "name": "04",
      "type": 1,
      "url": "https://play.tkys.tv/jh/longteng.php/?url="
    },
    {
      "name": "biubiu2",
      "type": 1,
      "url": "https://nbjx.vip/?url="
    },
    {
      "name": "bilibili",
      "type": 1,
      "url": "https://vip.23at.cn/home/api?type=ys&uid=4883852&key=adfimsvxzDKNOVX389&url=",
      "ext": {
        "flag": [
          "bilibili"
        ]
      }
    },
    {
      "name": "益达影院6",
      "type": 1,
      "url": "https://jb.vjiangbei.com/home/api?type=ys&uid=281459&key=cfnoprCDJKLNPQTY34&url=",
      "ext": {
        "flag": [
          "ltnb",
          "ziqie",
          "qq",
          "腾讯",
          "youku",
          "优酷",
          "qiyi",
          "爱奇艺",
          "奇艺",
          "mgtv",
          "芒果",
          "letv",
          "乐视"
        ]
      }
    },
    {
      "name": "biubiu专用6",
      "type": 1,
      "url": "https://www.ckplayer.vip/jiexi/?url="
    },
    {
      "name": "duoduozy2",
      "type": 1,
      "url": "https://a.dxzj88.com/jxjx/dd.php?url=",
      "ext": {
        "flag": [
          "duoduozy"
        ]
      }
    },
    {
      "name": "renrenmi",
      "type": 1,
      "url": "https://kuba.renrenmi.cc:2266/api/?key=02wsrxJzuGkI4C8pQ5&url=",
      "ext": {
        "flag": [
          "renrenmi"
        ]
      }
    },
    {
      "name": "解析15",
      "type": 1,
      "url": "https://svip.spchat.top/api/?key=SAl7tLs3Zzu5alSNtz&url="
    },
        {
      "name": "猫群解析05",
      "type": 1,
      "url": "https://a.dxzj88.com/jxrrm/jiami.php?url=",
      "ext": {
        "flag": [
          "qq",
          "腾讯",
          "qiyi",
          "爱奇艺",
          "奇艺",
          "youku",
          "优酷",
          "sohu",
          "芒果",
          "mgtv",
          "xigua",
          "wuduzy",
          "bilibili",
          "pptv",
          "leduo",
          "Clk4",
          "哔哩",
          "renrenmi",
          "ltnb",
          "rx"
        ]
      }
    },
       {
      "name": "猫群专用解析06",
      "type": 1,
      "url": "https://sz.dxzj88.com/jxrjrm/jiaomi.php?url=",
      "ext": {
        "flag": [
          "qq",
          "腾讯",
          "qiyi",
          "爱奇艺",
          "奇艺",
          "youku",
          "优酷",
          "sohu",
          "芒果",
          "mgtv",
          "xigua",
          "wuduzy",
          "bilibili",
          "pptv",
          "leduo",
          "Clk4",
          "哔哩",
          "renrenmi",
          "ltnb",
          "rx"
        ]
      }
    },

    {
      "name": "CL4K",
      "type": 1,
      "url": "http://jx.yjhan.com:8090/home/api?type=ys&uid=268886&key=afghilnyEGKPRTVY56&url=",
      "ext": {
        "flag": [
          "CL4K"
        ]
      }
    },
    {
      "name": "LTRX",
      "type": 1,
      "url": "https://svip.spchat.top/api/?type=ys&key=bKemW41JnxmQb4l67h&url=",
      "ext": {
        "flag": [
          "ltnb",
          "rx"
        ]
      }
    },
    {
      "name": "biubiu专用1",
      "type": 1,
      "url": "https://jhjx.kuanjv.com/newky/?url="
    },
    {
      "name": "biubiu专用2",
      "type": 1,
      "url": "https://jx.hfyrw.com/mao.go?url="
    },
    {
      "name": "biubiu专用3",
      "type": 1,
      "url": "https://www.nxflv.com/?url="
    },
    {
      "name": "biubiu专用5",
      "type": 1,
      "url": "https://www.playm3u8.cn/jiexi.php?url="
    },
    {
      "name": "biubiu1",
      "type": 1,
      "url": "https://vvip.funsline.cn/api/?key=JNiddoRwmLBYehxnFq&url="
    },
  {
      "name": "biubiu9",
      "type": 1,
      "url": "https://app.iminna.com/jx/?url="
    },
    {
      "name": "biubiu10",
      "type": 1,
      "url": "https://json.5lp.net/json.php?url="
    },
        {
      "name": "biubiu11",
      "type": 1,
      "url": "https://api.jiexi.la/?url="
    },
     {
      "name": "biubiu12",
      "type": 1,
      "url": "http://api.diliktv.xyz/vip/jx.php?url="
    },
   {
      "name": "biubiu13",
      "type": 1,
      "url": "https://jx.blbo.cc:4433/?url="
    },
     {
      "name": "biubiu13",
      "type": 1,
      "url": "https://okjx.cc/?url="
    },
        {
      "name": "biubiu专用8",
      "type": 1,
      "url": "http://yaluan.520say.cn/home/api?type=ys&uid=205178&key=adhinowyCLMQSX3456&url="
    },
    {
      "name": "mingren",
      "type": 1,
      "url": "https://parse.123mingren.com/?url="
    },
    {
      "name": "ergan",
      "type": 1,
      "url": "https://jx.ergan.top/?url="
    },
    {
      "name": "2090",
      "type": 1,
      "url": "https://m2090.com/?url="
    },
    {
      "name": "618g",
      "type": 1,
      "url": "https://jx.618g.com/?url="
    },
    {
      "name": "猫群专用8",
      "type": 1,
      "url": "https://api.m3u8.tv:5678/home/api?type=ys&uid=1931000&key=gktuvyzABEORSYZ135&url="
    },
    {
      "name": "猫群6",
      "type": 1,
      "url": "https://api.m3u8.tv:5678/home/api?type=ys&uid=998036&key=afhlnuvzDJLMOX3689&url="
    },
    {
      "name": "群解析1",
      "type": 1,
      "url": "https://jx.wfy4.com/?url="
    },
    {
      "name": "优视",
      "type": 1,
      "url": "http://ccc.ysys.asia/jx/?id=2&url="
    },
    {
      "name": "猫群专用11",
      "type": 1,
      "url": "https://api.m3u8.tv:5678/home/api?type=ys&uid=998036&key=afhlnuvzDJLMOX3689&url="
    },
     {
      "name": "猫群专用1",
      "type": 1,
      "url": "http://cx99999.cn/rxjson.php?url="
    },
    {
      "name": "爱看美剧1",
      "type": 1,
      "url": "https://play.akmeiju.cc:553/akmeiju.php?url=",
      "ext": {
        "flag": [
          "aikan"
        ]
      }
    },
    {
      "name": "人人迷",
      "type": 1,
      "url": "https://jx.renrenmi.cc/?url="
    },
    {
      "name": "白嫖影视",
      "type": 1,
      "url": "http://ts.yjhan.com:8090/api/?key=Y4GefMCIQJz23mc06R&url=",
      "ext": {
        "flag": [
          "CL4K"
        ]
      }
    },
    {
      "name": "段友影视",
      "type": 1,
      "url": "http://ts.yjhan.com:8090/api/?key=DSQFgXdmj9xkDyiXdr&url=",
      "ext": {
        "flag": [
          "CL4K"
        ]
      }
    },
    {
      "name": "爱看美剧",
      "type": 1,
      "url": "http://ts.yjhan.com:8090/api/?key=P6XfOl9hD3LpqOFdRJ&url=",
      "ext": {
        "flag": [
          "CL4K"
        ]
      }
    },
    {
      "name": "天诚影视1",
      "type": 1,
      "url": "https://yun.nbjx.vip:4399/json/?uid=6&tokey=befhmoqFHMOQRTUXZ7&url=",
      "ext": {
        "flag": [
          "qiyi",
          "爱奇艺",
          "奇艺"
        ]
      }
    },
    {
      "name": "爱酷影视",
      "type": 1,
      "url": "https://yun.nbjx.vip:4399/json/?uid=5&tokey=ikmnorsvxyzCFKQU59&url=",
      "ext": {
        "flag": [
          "qq",
          "腾讯",
          "qiyi",
          "爱奇艺",
          "奇艺",
          "youku",
          "优酷",
          "letv",
          "乐视"
        ]
      }
    },
    {
      "name": "饭后电影",
      "type": 1,
      "url": "http://ts.yjhan.com:8090/api/?key=yNSLsBLOaUkKp2kZ6i&url=",
      "ext": {
        "flag": [
          "CL4K"
        ]
      }
    },
    {
      "name": "麻瓜视频",
      "type": 1,
      "url": "https://kuba.renrenmi.cc:2266/api/?key=a2bSwx5iAGx1g2qn4h&url=",
      "ext": {
        "flag": [
          "renrenmi"
        ]
      }
    },
    {
      "name": "爱酷影视6",
      "type": 1,
      "url": "https://jb.vjiangbei.com/home/api?type=ys&uid=646808&key=gklpqrtwyDIJKMP467&url=",
      "ext": {
        "flag": [
          "qq",
          "腾讯",
          "letv",
          "乐视",
          "youku",
          "优酷"
        ]
      }
    },
    {
      "name": "思乐影视1",
      "type": 1,
      "url": "https://jb.vjiangbei.com/home/api?type=ys&uid=2534396&key=ejovwzABDKTUXY1357&url=",
      "ext": {
        "flag": [
          "mgtv",
          "芒果",
          "qq",
          "腾讯",
          "qiyi",
          "爱奇艺",
          "奇艺",
          "youku",
          "优酷"
        ]
      }
    },
    {
      "name": "爱酷影视9",
      "type": 1,
      "url": "https://jx.zhanlangbu.com/json.php/?url=",
      "ext": {
        "flag": [
          "xueren"
        ]
      }
    },
    {
      "name": "久看",
      "type": 1,
      "url": "https://9kjx.com/?url="
    },
    {
      "name": "南府追剧1",
      "type": 1,
      "url": "https://jx.ncxmid.cn/sb/?url=",
      "ext": {
        "flag": [
          "qq",
          "腾讯",
          "qiyi",
          "爱奇艺",
          "奇艺",
          "youku",
          "优酷"
        ]
      }
    },
    {
      "name": "琅琊影视8",
      "type": 1,
      "url": "https://jf.96ym.cn/api/?key=13FXcA46Nzg4QeFHbq&url=",
      "ext": {
        "flag": [
          "ziqie",
          "ltnb",
          "youku",
          "优酷",
          "qiyi",
          "爱奇艺",
          "奇艺",
          "qq",
          "腾讯",
          "letv",
          "乐视"
        ]
      }
    },
    {
      "name": "虎猫视频",
      "type": 1,
      "url": "https://humaosp.com/json.php?url=",
      "ext": {
        "flag": [
          "qq",
          "腾讯"
        ]
      }
    },
    {
      "name": "天诚影视2",
      "type": 1,
      "url": "https://svip.renrenmi.cc:2222/api/?key=hWip8WQvRg7oniSF0M&url=",
      "ext": {
        "flag": [
          "qiyi",
          "爱奇艺",
          "奇艺"
        ]
      }
    },
    {
      "name": "DC影视",
      "type": 1,
      "url": "https://jb.vjiangbei.com/home/api?type=ys&uid=2219260&key=bcdjqBEFGLMPW01457&url=",
      "ext": {
        "flag": [
          "ziqie",
          "ltnb",
          "qq",
          "腾讯"
        ]
      }
    },
    {
      "name": "南府追剧1",
      "type": 1,
      "url": "https://vvip.muxvip.com:8866/api/?key=xJvC19KWkxoyQO71hk&url=",
      "ext": {
        "flag": [
          "muxm3u8"
        ]
      }
    },
    {
      "name": "南府影视",
      "type": 1,
      "url": "https://vvip.muxvip.com:8866/api/?key=xVIWNjOvnxgmvrPgXO&url=",
      "ext": {
        "flag": [
          "muxm3u8"
        ]
      }
    },
    {
      "name": "粉象视界1",
      "type": 1,
      "url": "https://json.pangujiexi.com:12345/json.php?url=",
      "ext": {
        "flag": [
          "youku",
          "优酷",
          "qq",
          "腾讯",
          "qiyi",
          "爱奇艺",
          "奇艺",
          "mgtv",
          "芒果"
        ]
      }
    },
    {
      "name": "段友影视1",
      "type": 1,
      "url": "https://api.m3u8.tv:5678/home/api?type=ys&uid=998036&key=afhlnuvzDJLMOX3689&url=",
      "ext": {
        "flag": [
          "qq",
          "腾讯"
        ]
      }
    },
    {
      "name": "段友影视",
      "type": 1,
      "url": "https://api.qilin.best/home/api?type=ys&uid=2343358&key=cekpsuvxJKNOV34789&url=",
      "ext": {
        "flag": [
          "qq",
          "腾讯"
        ]
      }
    },
    {
      "name": "菜鸟追剧",
      "type": 1,
      "url": "https://apis.jxcxin.cn/api/jx?url=",
      "ext": {
        "flag": [
          "qq",
          "腾讯",
          "mgtv",
          "芒果"
        ]
      }
    },
    {
      "name": "琅琊影视7",
      "type": 1,
      "url": "https://api.m3u8.tv:5678/home/api?type=ys&uid=123503&key=ghinorsuvBCMOQTY68&url=",
      "ext": {
        "flag": [
          "ziqie",
          "qiyi",
          "爱奇艺",
          "奇艺",
          "qq",
          "腾讯",
          "mgtv",
          "芒果"
        ]
      }
    }
  ],
  "flags": [
    "youku",
    "qq",
    "iqiyi",
    "qiyi",
    "letv",
    "sohu",
    "tudou",
    "pptv",
    "mgtv",
    "cctv",
    "cntv",
    "wasu",
    "bilibili",
    "xigua",
    "1905",
    "1920i",
    "1920l",
    "mim3u8",
    "laodim3u8",
    "leduo",
    "CL4K",
    "ltnb",
    "rx",
    "renrenmi",
    "wuduyun",
    "xueren",
    "naifeimi",
    "miaoparty",
    "miaoparty2",
    "miaoparty3",
    "xfy",
    "xfyun",
    "x1play",
    "fuckapp",
    "duoduozy",
    "ftqp2",
    "ftqp3",
    "ftqp4",
    "ftqp5"
  ],
  "ijk": [
    {
      "group": "软解码",
      "options": [
        {
          "category": 4,
          "name": "opensles",
          "value": "0"
        },
        {
          "category": 4,
          "name": "overlay-format",
          "value": "842225234"
        },
        {
          "category": 4,
          "name": "framedrop",
          "value": "1"
        },
        {
          "category": 4,
          "name": "soundtouch",
          "value": "1"
        },
        {
          "category": 4,
          "name": "start-on-prepared",
          "value": "1"
        },
        {
          "category": 1,
          "name": "http-detect-range-support",
          "value": "0"
        },
        {
          "category": 1,
          "name": "fflags",
          "value": "fastseek"
        },
        {
          "category": 2,
          "name": "skip_loop_filter",
          "value": "48"
        },
        {
          "category": 4,
          "name": "reconnect",
          "value": "1"
        },
        {
          "category": 4,
          "name": "enable-accurate-seek",
          "value": "0"
        },
        {
          "category": 4,
          "name": "mediacodec",
          "value": "0"
        },
        {
          "category": 4,
          "name": "mediacodec-auto-rotate",
          "value": "0"
        },
        {
          "category": 4,
          "name": "mediacodec-handle-resolution-change",
          "value": "0"
        },
        {
          "category": 4,
          "name": "mediacodec-hevc",
          "value": "0"
        },
        {
          "category": 1,
          "name": "dns_cache_timeout",
          "value": "600000000"
        }
      ]
    },
    {
      "group": "硬解码",
      "options": [
        {
          "category": 4,
          "name": "opensles",
          "value": "0"
        },
        {
          "category": 4,
          "name": "overlay-format",
          "value": "842225234"
        },
        {
          "category": 4,
          "name": "framedrop",
          "value": "1"
        },
        {
          "category": 4,
          "name": "soundtouch",
          "value": "1"
        },
        {
          "category": 4,
          "name": "start-on-prepared",
          "value": "1"
        },
        {
          "category": 1,
          "name": "http-detect-range-support",
          "value": "0"
        },
        {
          "category": 1,
          "name": "fflags",
          "value": "fastseek"
        },
        {
          "category": 2,
          "name": "skip_loop_filter",
          "value": "48"
        },
        {
          "category": 4,
          "name": "reconnect",
          "value": "1"
        },
        {
          "category": 4,
          "name": "enable-accurate-seek",
          "value": "0"
        },
        {
          "category": 4,
          "name": "mediacodec",
          "value": "1"
        },
        {
          "category": 4,
          "name": "mediacodec-auto-rotate",
          "value": "1"
        },
        {
          "category": 4,
          "name": "mediacodec-handle-resolution-change",
          "value": "1"
        },
        {
          "category": 4,
          "name": "mediacodec-hevc",
          "value": "1"
        },
        {
          "category": 1,
          "name": "dns_cache_timeout",
          "value": "600000000"
        }
      ]
    }
  ],
  "ads": [
    "mimg.0c1q0l.cn",
    "www.googletagmanager.com",
    "mc.usihnbcq.cn",
    "mg.g1mm3d.cn",
    "mscs.svaeuzh.cn",
    "cnzz.hhttm.top",
    "tp.vinuxhome.com",
    "cnzz.mmstat.com",
    "www.baihuillq.com",
    "s23.cnzz.com",
    "z3.cnzz.com",
    "c.cnzz.com",
    "stj.v1vo.top",
    "z12.cnzz.com",
    "img.mosflower.cn",
    "tips.gamevvip.com",
    "ehwe.yhdtns.com",
    "xdn.cqqc3.com",
    "www.jixunkyy.cn",
    "sp.chemacid.cn",
    "hm.baidu.com",
    "s9.cnzz.com",
    "z6.cnzz.com",
    "um.cavuc.com",
    "mav.mavuz.com",
    "wofwk.aoidf3.com",
    "z5.cnzz.com",
    "xc.hubeijieshikj.cn",
    "tj.tianwenhu.com",
    "xg.gars57.cn",
    "k.jinxiuzhilv.com",
    "cdn.bootcss.com",
    "ppl.xunzhuo123.com",
    "xomk.jiangjunmh.top",
    "img.xunzhuo123.com",
    "z1.cnzz.com",
    "s13.cnzz.com",
    "xg.huataisangao.cn",
    "z7.cnzz.com",
    "xg.huataisangao.cn",
    "z2.cnzz.com",
    "s96.cnzz.com",
    "q11.cnzz.com",
    "thy.dacedsfa.cn",
    "xg.whsbpw.cn",
    "s19.cnzz.com",
    "z8.cnzz.com",
    "s4.cnzz.com",
    "f5w.as12df.top",
    "ae01.alicdn.com",
    "www.92424.cn",
    "k.wudejia.com",
    "vivovip.mmszxc.top",
    "qiu.xixiqiu.com",
    "cdnjs.hnfenxun.com",
    "cms.qdwght.com"
  ]
}