{
  "sites": [
    {"key":"csp_Kuaikan","name":"快看影视","type":3,"api":"csp_Kuaikan","searchable":1,"quickSearch":1,"filterable":1},
    {"key":"csp_LocalFile","name":"💻本地视频","type":3,"api":"csp_LocalFile","searchable":0,"quickSearch":0,"filterable":0,"type_flag":0},
{"key":"Gitcafe","name":"📀小纸条","type":3,"api":"csp_Gitcafe","searchable":1,"quickSearch":1,"filterable":1,"ext":"https://gitee.com/rolf963/b1/raw/master/token.txt"},
{"key":"csp_AliPS","name":"📀喵狸盘搜","type":3,"api":"csp_AliPS","searchable":1,"quickSearch":1,"filterable":0,"ext":"https://gitee.com/rolf963/b1/raw/master/token.txt"},
    {"key":"drpy_js_快看影视","name":"快看影视","type":3,"api":"https://agit.ai/timl/watson/raw/branch/master/lib/drpy2.min.js","ext":"https://agit.ai/lem85930/OneClickRun/raw/branch/master/JS/快看影视.js"},
    {"key":"csp_Yisou","name":"📀易搜","type":3,"api":"csp_Yisou","searchable":1,"quickSearch":1,"filterable":0,"ext":"https://gitee.com/rolf963/b1/raw/master/token.txt"},
   {"key":"csp_Zhaozy","name":"📀找资源","type":3,"api":"csp_Zhaozy","searchable":1,"quickSearch":1,"filterable":0,"ext":"https://gitee.com/rolf963/b1/raw/master/token.txt"},
        {"key":"csp_Upyunso","name":"📀UP云搜","type":3,"api":"csp_Upyunso","searchable":1,"quickSearch":1,"filterable":0,"ext":"https://gitee.com/rolf963/b1/raw/master/token.txt"},
        {"key":"push_agent","name":"📽推送","type":3,"api":"csp_PushAgent","searchable":1,"quickSearch":1,"filterable":0,"ext":"https://gitee.com/rolf963/b1/raw/master/token.txt"},
             
        {"key":"小苹果","name":"🍎小苹果","type":3,"api":"csp_LiteApple","playerType":1,"searchable":1,"quickSearch":1,"filterable":1},
       {"key":"csp_AppTT","name":"图图影视","type":3,"api":"csp_AppTT","searchable":1,"quickSearch":1,"filterable":1,"ext":"http://103.239.101.244:6677/$$$U1JLI2UlNFVZdFUjS2lFbyp2c1BxcHIwY0M0YnhBUVc=$$$bzZzWW1tKng1aG4jcmNDdA=="},
{"key":"csp_fantuan","name":"饭团","type":3,"api":"csp_Fantuan","searchable":1,"quickSearch":1,"filterable":1,"ext":"https://www.fantuanhd.com"},
         {"key":"Smdyy","name":"神马影院","type":3,"api":"csp_Smdyy","searchable":1,"quickSearch":1,"filterable":1},
{"key":"csp_YQKAPP","name":"一起看","type":3,"api":"csp_YQKAPP","playerType":2,"searchable":1,"quickSearch":1,"filterable":1,"ext":"https://api-tx.shumaxc.xyz"},
       
   {"key":"csp_Voflix","name":"Voflix","type":3,"api":"csp_Voflix","searchable":1,"quickSearch":1,"filterable":1"},
   {"key":"csp_Cokemv","name":"可乐","type":3,"api":"csp_Cokemv","searchable":1,"quickSearch":1,"filterable":1},
{"key":"csp_DiDuan","name":"📺低端","type":3,"api":"csp_Ddrk","searchable":1,"quickSearch":1,"filterable":0},
   {"key":"csp_Auete","name":"Auete","type":3,"api":"csp_Auete","searchable":1,"quickSearch":1,"filterable":1},
    {"key":"csp_XYQHiker_稀饭影视","name":"稀饭影视","type":3,"api":"csp_XYQHiker","searchable":1,"quickSearch":1,"filterable":1,"ext":"https://agit.ai/xiaohewanwan/samllmi/raw/branch/master/XYQH/xifang.json"},
{
      "key": "spider_IKan",
      "name": "爱看(SP)",
      "type": 3,
      "api": "csp_IKan",
      "searchable": 1,
      "quickSearch": 1,
      "filterable": 1
    },
    //{"key":"csp_XYQHiker_饺子影视","name":"饺子影视","type":3,"api":"csp_XYQHiker","searchable":1,"quickSearch":1,"filterable":1,"ext":"https://agit.ai/xiaohewanwan/samllmi/raw/branch/master/XYQH/饺子.json"},
       {"key":"drpy_js_小品网","name":"小品网","type":3,"api":"https://agit.ai/timl/watson/raw/branch/master/lib/drpy2.min.js","ext":"https://agit.ai/lem85930/OneClickRun/raw/branch/master/JS/小品网.js"},
       {"key":"drpy_js_DJ音乐","name":"DJ音乐","type":3,"api":"https://agit.ai/timl/watson/raw/branch/master/lib/drpy2.min.js","ext":"https://agit.ai/rolf/OneClickRun/raw/branch/master/JS/DJ音乐.js"},
{"key":"drpy_js_Fun4K","name":"Fun4K","type":3,"api":"https://agit.ai/timl/watson/raw/branch/master/lib/drpy2.min.js","ext":"https://agit.ai/rolf/OneClickRun/raw/branch/master/JS/Fun4K.js"},
   {"key":"drpy_js_麦豆com","name":"麦豆com","type":3,"api":"https://agit.ai/timl/watson/raw/branch/master/lib/drpy2.min.js","ext":"https://agit.ai/rolf/OneClickRun/raw/branch/master/JS/麦豆com.js"},   
       {"key":"csp_Kunyu77","name":"🐞77影视","type":3,"api":"csp_Kunyu77","searchable":1,"quickSearch":1,"filterable":1},  
         {
      "key": "csp_VOFLIX",
      "name": "VOFLIX",
      "type": 3,
      "api": "csp_XPathFilter",
      "searchable": 0,
      "quickSearch": 1,
      "filterable": 1,
      "ext": "https://gitee.com/rolf963/xp/raw/master/voflix.json"
    },
  
       {"key":"dr_兔小贝","name":"兔小贝(js)","type":3,"api":"https://agit.ai/Yoursmile7/TVBox/raw/branch/master/js/lib/drpy2.min.js","searchable":0,"quickSearch":0,"filterable":0,"ext":"https://agit.ai/Yoursmile7/TVBox/raw/branch/master/js/兔小贝.js"},
//{"key":"csp_xBPQ_电视直播","name":"📺电视直播","type":3,"api":"csp_xBPQ","searchable":0,"quickSearch":0,"filterable":0,"ext":"https://agit.ai/Yoursmile7/TVBox/raw/branch/master/sub/电视直播.json"},
{"key":"csp_xBPQ_诺讯影视","name":"诺讯影视","type":3,"api":"csp_xBPQ","searchable":0,"quickSearch":0,"filterable":0,"ext":"https://agit.ai/lem85930/OneClickRun/raw/branch/master/XBPQ/诺讯影视.json"},
//{"key":"drpy_js_腾云驾雾","name":"官源 | 腾讯[js]","type":3,"api":"https://agit.ai/timl/watson/raw/branch/master/lib/drpy2.min.js","ext":"https://agit.ai/timl/watson/raw/branch/master/js/腾云驾雾.js"},
//{"key":"drpy_js_奇珍异兽","name":"官源 | 爱奇艺[js]","type":3,"api":"https://agit.ai/timl/watson/raw/branch/master/lib/drpy2.min.js","ext":"https://agit.ai/timl/watson/raw/branch/master/js/奇珍异兽.js"},
  //{"key":"drpy_js_哔哩影视","name":"影视 | 哔哩影视[js]","type":3,"api":"https://agit.ai/timl/watson/raw/branch/master/lib/drpy2.min.js","ext":"https://agit.ai/timl/watson/raw/branch/master/js/哔哩影视.js"},
  //{"key":"drpy_js_DJ音乐","name":"音频 | DJ音乐[js]","type":3,"api":"https://agit.ai/timl/watson/raw/branch/master/lib/drpy2.min.js","ext":"https://agit.ai/timl/watson/raw/branch/master/js/DJ音乐.js","playerType":"2"},
//{"key":"drpy_js_蜻蜓FM","name":"广播 | 蜻蜓FM[js]","type":3,"api":"https://agit.ai/timl/watson/raw/branch/master/lib/drpy2.min.js","ext":"https://agit.ai/timl/watson/raw/branch/master/js/蜻蜓FM.js","playerType":"2"},
//{"key":"drpy_js_海盗听书","name":"听书 | 海盗听书[js]","type":3,"api":"https://agit.ai/timl/watson/raw/branch/master/lib/drpy2.min.js","ext":"https://agit.ai/timl/watson/raw/branch/master/js/海盗听书.js","playerType":"2"},
//{"key":"Tbook","name":"听书网","type":3,"api":"csp_Dora","searchable":1,"quickSearch":1,"filterable":1,"ext":"d16d1517e9eaad9909cb35c55ba0b784","jar":"https://gitea.com/Yoursmile8/Yoursmile/raw/branch/main/ts.txt"},
//{"key":"drpy_js_听书网","name":"听书 | 听书网[js]","type":3,"api":"https://agit.ai/timl/watson/raw/branch/master/lib/drpy2.min.js","ext":"https://agit.ai/timl/watson/raw/branch/master/js/听书网.js","playerType":"2"},
//{"key":"drpy_js_有声小说","name":"听书 | 有声小说[js]","type":3,"api":"https://agit.ai/timl/watson/raw/branch/master/lib/drpy2.min.js","ext":"https://agit.ai/timl/watson/raw/branch/master/js/有声小说吧.js","playerType":"2"},
//{"key":"drpy_js_短视频","name":"聚合 | 短视频[js]","type":3,"api":"https://agit.ai/timl/watson/raw/branch/master/lib/drpy2.min.js","ext":"https://agit.ai/timl/watson/raw/branch/master/js/短视频.js"},
//{"key":"drpy_js_酷奇MV","name":"MV | 酷奇[js]","type":3,"api":"https://agit.ai/timl/watson/raw/branch/master/lib/drpy2.min.js","ext":"https://agit.ai/timl/watson/raw/branch/master/js/酷奇MV.js"},
//{"key":"drpy_js_JustLive","name":"直播 | JustLive[js]","type":3,"api":"https://agit.ai/timl/watson/raw/branch/master/lib/drpy2.min.js","ext":"https://agit.ai/timl/watson/raw/branch/master/js/JustLive.js"}, 
   //{"key":"csp_Alist","name":"🅰Alist","type":3,"api":"csp_Alist","searchable":1,"quickSearch":0,"filterable":0,"ext":"丫仙女$http://alist.xiaoya.pro/#米奇妙妙屋$https://anime.mqmmw.ga#杜比$https://dubi.tk#帅鹏$https://hi.shuaipeng.wang#星梦$https://pan.bashroot.top#晴园$https://alist.52qy.repl.co#梓澪$https://zi0.cc#秋雨$https://share.laowang.me#触光$https://pan.ichuguang.com#一只鱼$https://alist.youte.ml#七米蓝$https://al.chirmyram.com#浩瀚吧$https://8023.haohanba.cn#姬路白雪$https://pan.jlbx.xyz#神族九帝$https://alist.shenzjd.com#资源小站$https://960303.xyz#文文$http://518p8g7316.goho.co:5244#歐逼$https://alistcn.repl.co#Disk$http://124.222.140.243:8080#神器云$https://quanzi.laoxianghuijia.cn"},
      {
      "key": "csp_Dm84",
      "name": "动漫巴士(SP)",
      "type": 3,
      "api": "csp_Dm84",
      "searchable": 1,
      "quickSearch": 1,
      "filterable": 1
    },
      {
      "key": "csp_Czsapp",
      "name": "厂长(SP)",
      "type": 3,
      "api": "csp_Czsapp",
      "searchable": 1,
      "quickSearch": 1,
      "filterable": 1
    },
    {
      "key": "csp_XYQBiu_kugou",
      "name": "酷狗mv(XYQ)",
      "type": 3,
      "api": "csp_XYQBiu",
      "searchable": 1,
      "quickSearch": 1,
      "filterable": 1,
      "ext": "https://agit.ai/rolf/XYQB/raw/branch/master/kugoumv.json"
    },
    {
      "key": "影图",
      "name": "影图",
      "type": 1,
      "api": "https://cj.vodimg.top/api.php/provide/vod/",
      "searchable": 1,
      "quickSearch": 1,
      "filterable": 0
    },
    {"key":"csp_Bttoo","name":"两个BT","type":3,"api":"csp_Bttwoo","searchable":1,"quickSearch":1,"filterable":1},
{"key":"csp_Lib","name":"LibVio","type":3,"api":"csp_Libvio","searchable":1,"quickSearch":1,"filterable":1,"ext":"https://libvio.me"},

    {
      "key": "csp_Anime1",
      "name": "Anime1动画线上看(SP)",
      "type": 3,
      "api": "csp_Anime1",
      "searchable": 1,
      "quickSearch": 1,
      "filterable": 1
    },
      
     {
      "key": "mtv",
      "name": "mtv",
      "type": 3,
      "api": "csp_Bili",
      "searchable": 0,
      "quickSearch": 0,
      "filterable": 1,
      "ext": "https://gitee.com/rolf963/b1/raw/master/blibli.json"
    },
    {
      "key": "茶杯狐",
      "name": "茶杯狐[仅限搜索]",
      "type": 1,
      "api": "http://120.27.202.86:5252/cupfox.php?key=cupfox",
      "playUrl": "json:http://120.27.202.86:8080/lanlan?key=tt888666&url=",
      "searchable": 1,
      "quickSearch": 1,
      "filterable": 0
    },
      {
      "key": "1024sou",
      "name": "磁力搜测试(仅搜索)",
      "type": 3,
      "api": "csp_XPbd",
      "searchable": 1,
      "quickSearch": 1,
      "filterable": 1,
      "ext": "https://gitee.com/rolf963/xp/raw/master/cilisou.json"
    },
    {
      "key": "Bili",
      "name": "B站(XB)",
      "type": 3,
      "api": "csp_Bili",
      "searchable": 0,
      "quickSearch": 0,
      "filterable": 1,
      "ext": "https://gitee.com/rolf963/b1/raw/master/bli.json"
    },
   {"key":"360_spider","name":"🐞360影视","type":3,"api":"csp_SP360","filterable":1,"quickSearch":1,"searchable":1},
    
 {"key":"csp_Ysgc","name":"影视工厂","type":3,"api":"csp_Ysgc","searchable":1,"quickSearch":1,"filterable":1},
   {"key":"csp_Dy1010","name":"双十","type":3,"api":"csp_Dy1010","searchable":1,"quickSearch":1,"filterable":1},
    {
      "key": "csp_XYQBiu_剧荒",
      "name": "剧荒(XYQ)",
      "type": 3,
      "api": "csp_XYQBiu",
      "searchable": 1,
      "quickSearch": 1,
      "filterable": 1,
      "ext": "https://agit.ai/lem85930/OneClickRun/raw/branch/master/XYQ/剧荒.json"
    },
    {"key":"Zjdr","name":"追剧达人","type":3,"api":"csp_Zjdr","searchable":1,"quickSearch":1,"filterable":1},
     {"key":"drpy_js_7喜影院","name":"7喜影院","type":3,"api":"https://agit.ai/timl/watson/raw/branch/master/lib/drpy2.min.js","ext":"https://agit.ai/lem85930/OneClickRun/raw/branch/master/JS/7喜影院.js"},
        {"key":"drpy_js_348电影网","name":"348电影网","type":3,"api":"https://agit.ai/timl/watson/raw/branch/master/lib/drpy2.min.js","ext":"https://agit.ai/lem85930/OneClickRun/raw/branch/master/JS/348电影网.js"},
   {"key":"drpy_js_100影院","name":"100影院","type":3,"api":"https://agit.ai/timl/watson/raw/branch/master/lib/drpy2.min.js","ext":"https://agit.ai/lem85930/OneClickRun/raw/branch/master/JS/100影院.js"},
   {"key":"drpy_js_IMAX影视","name":"IMAX影视","type":3,"api":"https://agit.ai/timl/watson/raw/branch/master/lib/drpy2.min.js","ext":"https://agit.ai/lem85930/OneClickRun/raw/branch/master/JS/IMAX影视.js"},
    {"key":"drpy_js_AB影院","name":"AB影院","type":3,"api":"https://agit.ai/timl/watson/raw/branch/master/lib/drpy2.min.js","ext":"https://agit.ai/lem85930/OneClickRun/raw/branch/master/JS/AB影院.js"},
         {"key":"drpy_js_农民影视","name":"农民影视","type":3,"api":"https://agit.ai/timl/watson/raw/branch/master/lib/drpy2.min.js","ext":"https://agit.ai/lem85930/OneClickRun/raw/branch/master/JS/农民影视.js"},
             {"key":"drpy_js_超前点播","name":"超前点播","type":3,"api":"https://agit.ai/timl/watson/raw/branch/master/lib/drpy2.min.js","ext":"https://agit.ai/lem85930/OneClickRun/raw/branch/master/JS/超前点播.js"},
             
    {
      "key": "csp_XYQBiu_短视频",
      "name": "分享短视频(YXQ)",
      "type": 3,
      "api": "csp_XYQBiu",
      "searchable": 1,
      "quickSearch": 1,
      "filterable": 0,
      "ext": "https://agit.ai/rolf/OneClickRun/raw/branch/master/XYQ/分享短视频.json"
    },
    {
      "key": "csp_XYQBiu_城市电影",
      "name": "Lem专属 城市电影(XYQ)",
      "type": 3,
      "api": "csp_XYQBiu",
      "searchable": 1,
      "quickSearch": 1,
      "filterable": 1,
      "ext": "https://agit.ai/lem85930/OneClickRun/raw/branch/master/XYQ/城市电影.json"
    },
    {
      "key": "csp_XYQBiu_vofix",
      "name": "vofix(XYQ)",
      "type": 3,
      "api": "csp_XYQBiu",
      "searchable": 1,
      "quickSearch": 1,
      "filterable": 1,
      "ext": "https://agit.ai/rolf/jiaojiao/raw/branch/main/xyq/vofix.json"
    },

    {
      "key": "csp_xpath_bttwoo",
      "name": "两个BT(XP)",
      "type": 3,
      "api": "csp_XPath",
      "searchable": 0,
      "quickSearch": 0,
      "filterable": 0,
      "ext": "https://gitee.com/rolf963/xp/raw/master/bttwoo.json"
    },
    {
      "key": "csp_biubiu_hdmoli",
      "name": "hdmoli(XB)",
      "type": 3,
      "api": "csp_XBiubiu",
      "searchable": 1,
      "quickSearch": 1,
      "filterable": 0,
      "ext": "https://agit.ai/rolf/OneClickRun/raw/branch/master/XB/hdmoli.json"
    },
     {
      "key": "csp_biubiu_2345影视",
      "name": "2345影视(XB)",
      "type": 3,
      "api": "csp_XBiubiu",
      "searchable": 1,
      "quickSearch": 1,
      "filterable": 1,
      "ext": "https://agit.ai/rolf/OneClickRun/raw/branch/master/XB/2345影视.json"
    },
    {
      "key": "csp_biubiu_vidhub",
      "name": "🥒vidhub(XB)",
      "type": 3,
      "api": "csp_XBiubiu",
      "searchable": 1,
      "quickSearch": 1,
      "filterable": 1,
      "ext": "https://agit.ai/rolf/jiaojiao/raw/branch/main/xb/vidhub.json"
    },
    {
      "key": "csp_biubiu_哔滴",
      "name": "哔滴(XB)",
      "type": 3,
      "api": "csp_XBiubiu",
      "searchable": 1,
      "quickSearch": 1,
      "filterable": 1,
      "ext": "https://agit.ai/rolf/OneClickRun/raw/branch/master/XB/哔滴.json"
    },
    {
      "key": "csp_biubiu_600dvd",
      "name": "600dvd(XB)",
      "type": 3,
      "api": "csp_XBiubiu",
      "searchable": 1,
      "quickSearch": 1,
      "filterable": 1,
      "ext": "https://agit.ai/rolf/OneClickRun/raw/branch/master/XB/600dvd.json"
    },
       {
      "key": "追剧喵",
      "name": "追剧喵(SP)",
      "type": 3,
      "api": "csp_ZJMiao",
      "searchable": 1,
      "quickSearch": 1,
      "filterable": 1
    },
    {
      "key": "csp_xpath_01-猫群自维护源01",
      "name": "乐猪",
      "type": 3,
      "api": "csp_XPathMac",
      "searchable": 1,
      "quickSearch": 1,
      "filterable": 1,
      "ext": "https://gitee.com/rolf963/xp/raw/master/lezhutv.json"
    },
    {"key":"csp_XBPQ_乐猪","name":"💢乐猪（XBPQ）","type":3,"api":"csp_XBPQ","searchable":1,"quickSearch":1,"filterable":1,"ext":"https://agit.ai/Yoursmile7/TVBox/raw/branch/master/sub/乐猪.json"},
    {
      "key": "csp_Cokemv",
      "name": "Cokemv(SP)",
      "type": 3,
      "api": "csp_Cokemv",
      "searchable": 1,
      "quickSearch": 1,
      "filterable": 1
    },
      {
      "key": "csp_xpath_69mj",
      "name": "69mj",
      "type": 3,
      "api": "csp_XBiubiu",
      "searchable": 1,
      "quickSearch": 1,
      "filterable": 1,
      "ext": "https://gitee.com/rolf963/xb/raw/master/69mj.json"
    },
    {
      "key": "csp_biubiu_iibb",
      "name": "iibb电影网(XB)",
      "type": 3,
      "api": "csp_XBiubiu",
      "searchable": 1,
      "quickSearch": 1,
      "filterable": 0,
      "ext": "https://agit.ai/rolf/jiaojiao/raw/branch/main/xb/iibb.json"
    },
    {
      "key": "csp_xpath_tootw",
      "name": "tootw",
      "type": 3,
      "api": "csp_XBiubiu",
      "searchable": 1,
      "quickSearch": 1,
      "filterable": 1,
      "ext": "https://gitee.com/rolf963/xb/raw/master/tootw.json"
    },
    {
      "key": "csp_biubiu_宝仙HD",
      "name": "宝仙HD〔XB〕",
      "type": 3,
      "api": "csp_XBiubiu",
      "searchable": 1,
      "quickSearch": 1,
      "filterable": 0,
      "ext": "https://gitee.com/rolf963/xb/raw/master/宝仙HD.json"
    },
    {
      "key": "csp_xpath_电影牛",
      "name": "电影牛(XP)",
      "type": 3,
      "api": "csp_XPathMacFilter",
      "searchable": 1,
      "quickSearch": 1,
      "filterable": 1,
      "ext": "https://agit.ai/rolf/OneClickRun/raw/branch/master/XP/电影牛.json"
    },
    {
      "key": "茶杯狐",
      "name": "茶杯狐",
      "type": 3,
      "api": "csp_XBiubiu",
      "searchable": 1,
      "quickSearch": 1,
      "filterable": 0,
      "ext": "https://gitee.com/rolf963/xb/raw/master/cupfox.json"
    },
    {
      "key": "csp_biubiu_创艺影视",
      "name": "🥒创艺影视(XB)",
      "type": 3,
      "api": "csp_XBiubiu",
      "searchable": 1,
      "quickSearch": 1,
      "filterable": 0,
      "ext": "https://gitee.com/rolf963/xb/raw/master/创艺影视.json"
    },
    
    {
      "key": "csp_biubiu_口袋影院",
      "name": "口袋(XB)",
      "type": 3,
      "api": "csp_XBiubiu",
      "searchable": 1,
      "quickSearch": 1,
      "filterable": 0,
      "ext": "https://agit.ai/rolf/xb/raw/branch/master/口袋影院.json"
    },
    {
      "key": "csp_奈落影院",
      "name": "奈落影院(XP)",
      "type": 3,
      "api": "csp_XBiubiu",
      "searchable": 1,
      "quickSearch": 1,
      "filterable": 1,
      "ext": "https://gitee.com/rolf963/xb/raw/master/奈落影院.json"
    },
    {
      "key": "Kmys",
      "name": "酷猫影视（SP）",
      "type": 3,
      "api": "csp_Kmys",
      "searchable": 1,
      "quickSearch": 1,
      "filterable": 1
    },
    
    {
      "key": "csp_biubiu_dunkfun",
      "name": "🥒dunkfun(XB)",
      "type": 3,
      "api": "csp_XBiubiu",
      "searchable": 1,
      "quickSearch": 1,
      "filterable": 0,
      "ext": "https://agit.ai/rolf/OneClickRun/raw/branch/master/XB/dunkfun.json"
    },
    {
      "key": "csp_xpath_yanet",
      "name": "鸭奈飞(XP)",
      "type": 3,
      "api": "csp_XPathFilter",
      "searchable": 1,
      "quickSearch": 1,
      "filterable": 1,
      "ext": "https://gitee.com/rolf963/xp/raw/master/yanet.json"
    },
    {
      "key": "csp_naikan",
      "name": "耐看",
      "type": 3,
      "api": "csp_XBiubiu",
      "searchable": 1,
      "quickSearch": 1,
      "filterable": 1,
      "ext": "https://agit.ai/rolf/xb/raw/branch/master/naikan.json"
    },
    {
      "key": "csp_biubiu_特狗影视",
      "name": "特狗(B)",
      "type": 3,
      "api": "csp_XBiubiu",
      "searchable": 1,
      "quickSearch": 1,
      "filterable": 0,
      "ext": "https://agit.ai/rolf/pglblb/raw/branch/master/b/a10-tgys.js"
    },
    {
      "key": "csp_xpath_tjyy",
      "name": "奇优影院(XP)",
      "type": 3,
      "api": "csp_XPathMac",
      "searchable": 1,
      "quickSearch": 1,
      "filterable": 0,
      "ext": "https://gitee.com/rolf963/xp/raw/master/huigutongying.json"
    },
    {
      "key": "csp_剧荒",
      "name": "🎭剧荒",
      "type": 3,
      "api": "csp_Juhuang",
      "searchable": 1,
      "quickSearch": 1,
      "filterable": 1
    },
    {
      "key": "csp_xpath_juhuang",
      "name": "剧荒TV(XPMac)",
      "type": 3,
      "api": "csp_XPathMac",
      "searchable": 1,
      "quickSearch": 1,
      "filterable": 0,
      "ext": "https://gitee.com/rolf963/xp/raw/master/juhuang.json"
    },
    {
      "key": "csp_xpath_猫群专用天天影视",
      "name": "天天影视",
      "type": 3,
      "api": "csp_XPath",
      "searchable": 1,
      "quickSearch": 1,
      "filterable": 1,
      "ext": "https://gitee.com/rolf963/xp/raw/master/天天影视.json"
    },
    {
      "key": "csp_xpath_dmntv",
      "name": "狐灵影视(XPM)",
      "type": 3,
      "api": "csp_XPathMacFilter",
      "searchable": 1,
      "quickSearch": 1,
      "filterable": 1,
      "ext": "https://gitee.com/rolf963/xp/raw/master/dmntv.json"
    },
    {
      "key": "csp_biubiu_蓝光影视",
      "name": "蓝光(XB)",
      "type": 3,
      "api": "csp_XBiubiu",
      "searchable": 1,
      "quickSearch": 1,
      "filterable": 0,
      "ext": "https://agit.ai/rolf/xb/raw/branch/master/蓝光影院.json"
    },
    {
      "key": "csp_biubiu_乌龟影院",
      "name": "乌龟影院(XB)",
      "type": 3,
      "api": "csp_XBiubiu",
      "searchable": 1,
      "quickSearch": 1,
      "filterable": 0,
      "ext": "https://agit.ai/rolf/xb/raw/branch/master/乌龟影院.json"
    },
    {
      "key": "csp_biubiu_花猫TV",
      "name": "花猫TV(XB)",
      "type": 3,
      "api": "csp_XBiubiu",
      "searchable": 1,
      "quickSearch": 1,
      "filterable": 0,
      "ext": "https://agit.ai/rolf/xb/raw/branch/master/花猫TV.json"
    },
    {
      "key": "csp_Yj1211",
      "name": "JustLive直播(SP)",
      "type": 3,
      "api": "csp_Yj1211",
      "searchable": 0,
      "quickSearch": 0,
      "filterable": 1
    },
   
    {
      "key": "csp_xpath_555dy",
      "name": "555影视",
      "type": 3,
      "api": "csp_XPathMacFilter",
      "searchable": 1,
      "quickSearch": 1,
      "filterable": 1,
      "ext": "https://agit.ai/rolf/xp/raw/branch/master/555dy.json"
    },
    {
      "key": "csp_biubiu_瓜皮TV",
      "name": "瓜皮(B)",
      "type": 3,
      "api": "csp_XBiubiu",
      "searchable": 1,
      "quickSearch": 1,
      "filterable": 0,
      "ext": "https://agit.ai/rolf/pglblb/raw/branch/master/b/a11-gptv.js"
    },
    {
      "key": "csp_biubiu_真的卡影院",
      "name": "真卡(B)",
      "type": 3,
      "api": "csp_XBiubiu",
      "searchable": 1,
      "quickSearch": 1,
      "filterable": 0,
      "ext": "https://agit.ai/rolf/pglblb/raw/branch/master/b/a12-zk.js"
    },
    {
      "key": "csp_Subaibai",
      "name": "素白白(xP)",
      "type": 3,
      "api": "csp_XPathFilter",
      "searchable": 1,
      "quickSearch": 1,
      "filterable": 1,
      "ext": "https://gitee.com/rolf963/xp/raw/master/subaibai.json"
    },
     {
      "key": "csp_xpath_kuqimv",
      "name": "酷奇MV(XP)",
      "type": 3,
      "api": "csp_XPath",
      "searchable": 0,
      "quickSearch": 0,
      "filterable": 0,
      "ext": "https://gitee.com/rolf963/xp/raw/master/kuqimv.json"
    },
    {
      "key": "csp_XPath_猫群首发",
      "name": "哔嘀",
      "type": 3,
      "api": "csp_XPathMacFilter",
      "searchable": 1,
      "quickSearch": 1,
      "filterable": 1,
      "ext": "https://agit.ai/rolf/pglblb/raw/branch/master/x/519-bidi.json"
    },
    {
      "key": "csp_biubiu_哔嘀影视",
      "name": "哔嘀影视(XB)",
      "type": 3,
      "api": "csp_XBiubiu",
      "searchable": 1,
      "quickSearch": 1,
      "filterable": 0,
      "ext": "https://agit.ai/rolf/OneClickRun/raw/branch/master/XB/哔嘀影视.json"
    },
    {
      "key": "csp_biubiu_神马影院",
      "name": "神马影院(XB)",
      "type": 3,
      "api": "csp_XBiubiu",
      "searchable": 1,
      "quickSearch": 1,
      "filterable": 0,
      "ext": "https://agit.ai/rolf/OneClickRun/raw/branch/master/XB/神马影院.json"
    },
    {
      "key": "共青春",
      "name": "共青春(聚)",
      "type": 1,
      "api": "https://gqcyy.com/api.php/provide/vod/",
      "searchable": 1,
      "quickSearch": 1,
      "filterable": 0
    },
    {
      "key": "csp_xpath_6d",
      "name": "六度TV(XPF)",
      "type": 3,
      "api": "csp_XPathFilter",
      "searchable": 1,
      "quickSearch": 1,
      "filterable": 1,
      "ext": "https://gitee.com/rolf963/xp/raw/master/6d.json"
    },
    {
      "key": "csp_xpath_doujiaow",
      "name": "豆角网(XPF)",
      "type": 3,
      "api": "csp_XPathMac",
      "searchable": 1,
      "quickSearch": 1,
      "filterable": 1,
      "ext": "https://gitee.com/rolf963/xp/raw/master/doujiaow.json"
    },
    {
      "key": "csp_xpath_jbb",
      "name": "剧白白(XP)",
      "type": 3,
      "api": "csp_XPathMacFilter",
      "searchable": 1,
      "quickSearch": 1,
      "filterable": 1,
      "ext": "https://gitee.com/rolf963/xp/raw/master/jubaibai.json"
    },
    {
      "key": "csp_xpath_xfeiji",
      "name": "🦋小小影视(XP)",
      "type": 3,
      "api": "csp_XPath",
      "searchable": 1,
      "quickSearch": 1,
      "filterable": 0,
      "ext": "https://gitee.com/rolf963/xp/raw/master/xfeiji.json"
    },
    {
      "key": "csp_xpath_zj883",
      "name": "🏇追剧网(XP)",
      "type": 3,
      "api": "csp_XPath",
      "searchable": 1,
      "quickSearch": 1,
      "filterable": 0,
      "ext": "https://gitee.com/rolf963/xp/raw/master/zj883.json"
    },
    {
      "key": "csp_xpath_zj883",
      "name": "追剧网(XP)",
      "type": 3,
      "api": "csp_XPath",
      "searchable": 1,
      "quickSearch": 1,
      "filterable": 0,
      "ext": "https://gitee.com/rolf963/xp/raw/master/zj883.json"
    },
    {
      "key": "csp_Tkys",
      "name": "Tkys(SP)",
      "type": 3,
      "api": "csp_Tkys",
      "searchable": 1,
      "quickSearch": 1,
      "filterable": 1
    },
    {
      "key": "csp_appysv2_天空影视V2",
      "name": "天空影视V2(M2)",
      "type": 3,
      "api": "csp_AppYsV2",
      "searchable": 1,
      "quickSearch": 0,
      "filterable": 1,
      "ext": "https://www.tkys.tv/xgapp.php/v2/"
    },
    {
      "key": "csp_biubiu_看片网",
      "name": "🕸Lem专属 看片网(XB)",
      "type": 3,
      "api": "csp_XBiubiu",
      "searchable": 1,
      "quickSearch": 1,
      "filterable": 1,
      "ext": "https://agit.ai/rolf/OneClickRun/raw/branch/master/XB/看片网.json"
    },
    {
      "key": "csp_appysv2_蓝光动漫",
      "name": "蓝光动漫(M2)",
      "type": 3,
      "api": "csp_AppYsV2",
      "searchable": 1,
      "quickSearch": 1,
      "filterable": 1,
      "ext": "https://v.lvdi.vip/api.php/app/"
    },
    {
      "key": "csp_xpath_vipdy",
      "name": "VIP电影(XP)",
      "type": 3,
      "api": "csp_XPathMacFilter",
      "searchable": 1,
      "quickSearch": 1,
      "filterable": 1,
      "ext": "https://gitee.com/rolf963/xp/raw/master/vip1280.json"
    },
    {
      "key": "csp_appysv2_影视大全",
      "name": "影视大全(优)",
      "type": 3,
      "api": "csp_AppYsV2",
      "searchable": 1,
      "quickSearch": 1,
      "filterable": 1,
      "ext": "https://app.okmedcos.com/api.php/v1.vod"
    },
    {
      "key": "csp_appysv2_益达影院",
      "name": "益达影院(优)",
      "type": 3,
      "api": "csp_AppYsV2",
      "searchable": 1,
      "quickSearch": 1,
      "filterable": 1,
      "ext": "http://luobu.yss6080.com/mogai_api.php/v1.vod"
    },
    {
      "key": "csp_appysv2_CV影视",
      "name": "CV影视(M)",
      "type": 3,
      "api": "csp_AppYsV2",
      "searchable": 1,
      "quickSearch": 0,
      "filterable": 1,
      "ext": "http://www.cccvvv.top/api.php/iptv/vod/"
    },
    {
      "key": "csp_77",
      "name": "77(爬虫)",
      "type": 3,
      "api": "csp_Kunyu77",
      "searchable": 1,
      "quickSearch": 1,
      "filterable": 1
    },
    {
      "key": "csp_DY1990",
      "name": "1990电影(SP)",
      "type": 3,
      "api": "csp_DY1990",
      "searchable": 1,
      "quickSearch": 1,
      "filterable": 1
    },
    {
      "key": "官采",
      "name": "官采",
      "type": 1,
      "api": "http://107.150.5.146:39000/maccms10-main/api.php/provide/vod/",
      "searchable": 1,
      "quickSearch": 1,
      "filterable": 1
    },
    {
      "key": "淘片资源",
      "name": "淘片资源",
      "type": 0,
      "api": "https://taopianapi.com/home/cjapi/as/mc/vod/xml",
      "searchable": 1,
      "quickSearch": 1,
      "filterable": 0
    },
    {
      "key": "csp_XPathMacFilter_猫群自维护源02",
      "name": "极品",
      "type": 3,
      "api": "csp_XPathMacFilter",
      "searchable": 0,
      "quickSearch": 0,
      "filterable": 1,
      "ext": "https://gitee.com/rolf963/xp/raw/master/jpys.json"
    },
    {
      "key": "csp_xpath_xuangz",
      "name": "尘落电影(XP)",
      "type": 3,
      "api": "csp_XPath",
      "searchable": 1,
      "quickSearch": 1,
      "filterable": 0,
      "ext": "https://gitee.com/rolf963/xp/raw/master/xuangz.json"
    },
    {
      "key": "csp_xpath_qdytv",
      "name": "米来影视(XP)",
      "type": 3,
      "api": "csp_XPath",
      "searchable": 1,
      "quickSearch": 1,
      "filterable": 0,
      "ext": "https://gitee.com/rolf963/xp/raw/master/qdytv.json"
    },
    {
      "key": "csp_xpath_dingzidy",
      "name": "钉子电影(XP)",
      "type": 3,
      "api": "csp_XPath",
      "searchable": 1,
      "quickSearch": 1,
      "filterable": 0,
      "ext": "https://gitee.com/rolf963/xp/raw/master/dingzidy.json"
    },
    {
      "key": "csp_xpath_paopaoshipin",
      "name": "泡泡视频(XP)",
      "type": 3,
      "api": "csp_XPath",
      "searchable": 1,
      "quickSearch": 1,
      "filterable": 0,
      "ext": "https://gitee.com/rolf963/xp/raw/master/paopaoshipin.json"
    },
    {
      "key": "csp_xpath_rttks",
      "name": "人人影视(XP)",
      "type": 3,
      "api": "csp_XPath",
      "searchable": 1,
      "quickSearch": 1,
      "filterable": 0,
      "ext": "https://gitee.com/rolf963/xp/raw/master/rttks.json"
    },
    {
      "key": "csp_xpath_ikan6",
      "name": "爱看影视(XP)",
      "type": 3,
      "api": "csp_XPath",
      "searchable": 1,
      "quickSearch": 1,
      "filterable": 0,
      "ext": "https://gitee.com/rolf963/xp/raw/master/ikan6.json"
    },
    {
      "key": "新浪采集",
      "name": "新浪",
      "type": 0,
      "api": "https://api.xinlangapi.com/xinlangapi.php/provide/vod/at/xml/",
      "searchable": 1,
      "quickSearch": 1,
      "filterable": 0
    },
    {
      "key": "U酷采集",
      "name": "U酷",
      "type": 1,
      "api": "https://api.ukuapi.com/api.php/provide/vod/?ac=list",
      "searchable": 1,
      "quickSearch": 1,
      "filterable": 0
    },
    {
      "key": "红牛采集",
      "name": "红牛",
      "type": 1,
      "api": "https://www.hongniuzy2.com/api.php/provide/vod/",
      "searchable": 1,
      "quickSearch": 1,
      "filterable": 0
    },
    {
      "key": "csp_xpath_网络搜集库80",
      "name": "莫扎兔",
      "type": 3,
      "api": "csp_XPath",
      "searchable": 1,
      "quickSearch": 1,
      "filterable": 1,
      "ext": "https://agit.ai/rolf/pglblb/raw/branch/master/x/519-tuzi.json"
    },
    {
      "key": "淘片资源",
      "name": "淘片资源",
      "type": 0,
      "api": "https://taopianapi.com/home/cjapi/as/mc/vod/xml",
      "searchable": 1,
      "quickSearch": 1,
      "filterable": 0
    },
    {
      "key": "乐多资源",
      "name": "乐多资源(搜)",
      "type": 0,
      "api": "http://cj.leduocaiji.com/inc/api.php",
      "searchable": 1,
      "quickSearch": 1,
      "filterable": 0
    },
    {
      "key": "csp_appysv2_段友影视",
      "name": "段友影视(优)",
      "type": 3,
      "api": "csp_AppYsV2",
      "searchable": 1,
      "quickSearch": 1,
      "filterable": 1,
      "ext": "http://121.204.249.135:4433/ruifenglb_api.php/v1.vod"
    },
    {
      "key": "csp_appysv2_速播",
      "name": "手指",
      "type": 3,
      "api": "csp_AppYsV2",
      "searchable": 1,
      "quickSearch": 0,
      "filterable": 1,
      "ext": "https://szys5678.com/mogai_api.php/v1.vod"
    },
    {
      "key": "光速采集",
      "name": "光速",
      "type": 0,
      "api": "https://api.guangsuapi.com/api.php/provide/vod/at/xml/",
      "searchable": 1,
      "quickSearch": 1,
      "filterable": 0
    },
    {
      "key": "M3U8.TV资源",
      "name": "M3U8",
      "type": 0,
      "api": "http://www.zycaiji.net:7788/api.php/provide/vod/at/xml",
      "searchable": 1,
      "quickSearch": 1,
      "filterable": 1,
      "categories": [
        "动画片番剧（B站专用）",
        "国创（B站专用）",
        "电影（B站专用）",
        "电视剧（B站专用）",
        "综艺",
        "动漫",
        "动作片",
        "喜剧片",
        "爱情片",
        "科幻片",
        "恐怖片",
        "剧情片",
        "战争片",
        "国产剧",
        "港台剧",
        "日韩剧",
        "惊悚片",
        "犯罪片",
        "冒险片",
        "悬疑片",
        "动画片",
        "武侠片",
        "奇幻片",
        "纪录片"
      ]
    },
   
    {
      "key": "速更资源",
      "name": "速更资源(切)",
      "type": 1,
      "api": "https://sugengzy.cn/api.php/provide/vod/",
      "searchable": 1,
      "quickSearch": 1,
      "filterable": 0
    },
    {
      "key": "csp_n0ys",
      "name": "1090影视(SP)",
      "type": 3,
      "api": "csp_N0ys",
      "searchable": 1,
      "quickSearch": 1,
      "filterable": 1
    },
   
    {
      "key": "csp_xml___木子看剧",
      "name": "木子看剧",
      "type": 1,
      "api": "https://mzkj.maccms.cf/api.php/provide/vod/",
      "searchable": 0,
      "quickSearch": 0,
      "filterable": 0
    },
    {
      "key": "csp_appys_美剧虫",
      "name": "美剧虫(优)",
      "type": 3,
      "api": "csp_AppYs",
      "searchable": 1,
      "quickSearch": 1,
      "filterable": 1,
      "ext": "https://meijuchong.com/api.php/v1.vod"
    },
    {
      "key": "csp_xml___量子资源",
      "name": "🐝量子资源",
      "type": 1,
      "api": "http://cj.lziapi.com/api.php/provide/vod/",
      "searchable": 1,
      "quickSearch": 1,
      "filterable": 0
    },
    {
      "key": "酷猫影视",
      "name": "酷猫影视",
      "type": 1,
      "api": "https://www.pgcms10.com/api.php/provide/vod/",
      "searchable": 1,
      "quickSearch": 1,
      "filterable": 0
    },
    {
      "key": "诺讯资源",
      "name": "🗼诺讯资源",
      "type": 1,
      "api": "http://caiji.nxflv.com/api.php/provide/vod/",
      "searchable": 1,
      "quickSearch": 1,
      "filterable": 1,
      "categories": [
        "综合频道",
        "综艺频道",
        "动漫频道",
        "动作片",
        "喜剧片",
        "爱情片",
        "科幻片",
        "恐怖片",
        "剧情片",
        "战争片",
        "国产剧",
        "港台剧",
        "日韩剧",
        "惊悚片",
        "犯罪片",
        "冒险片",
        "悬疑片",
        "动画片",
        "武侠片",
        "奇幻片",
        "纪录片"
      ]
    },
    {
      "key": "9E03",
      "name": "9E03",
      "type": 3,
      "api": "csp_AppYsV2",
      "searchable": 1,
      "quickSearch": 1,
      "filterable": 1,
      "ext": "https://vod.9e03.com/lvdou_api.php/v1.vod"
    },
    {
      "key": "冠军资源",
      "name": "冠军资源(切)",
      "type": 1,
      "api": "https://www.cmpzy.com/api.php/provide/vod/",
      "searchable": 1,
      "quickSearch": 1,
      "filterable": 0
    },
    {
      "key": "csp_xBPQ_酷客",
      "name": "🤍Lem专属 酷客影院(XBPQ)",
      "type": 3,
      "api": "csp_xBPQ",
      "searchable": 1,
      "quickSearch": 1,
      "filterable": 0,
      "ext": "https://agit.ai/lem85930/OneClickRun/raw/branch/master/XBPQ/kuke.json"
    },
    {
      "key": "csp_xBPQ_巨人",
      "name": "🤍Lem专属 巨人影院(XBPQ)",
      "type": 3,
      "api": "csp_xBPQ",
      "searchable": 1,
      "quickSearch": 1,
      "filterable": 0,
      "ext": "https://agit.ai/lem85930/OneClickRun/raw/branch/master/XBPQ/juren.json"
    },
    {
      "key": "csp_xBPQ_荐片",
      "name": "🤍Lem专属 荐片(XBPQ)",
      "type": 3,
      "api": "csp_xBPQ",
      "searchable": 1,
      "quickSearch": 1,
      "filterable": 0,
      "ext": "https://agit.ai/lem85930/OneClickRun/raw/branch/master/XBPQ/jianpian.json"
    },
   
    {
      "key": "csp_xBPQ_干饭",
      "name": "🤍Lem专属 干饭影视(XBPQ)",
      "type": 3,
      "api": "csp_xBPQ",
      "searchable": 1,
      "quickSearch": 1,
      "filterable": 0,
      "ext": "https://agit.ai/lem85930/OneClickRun/raw/branch/master/XBPQ/ganfan.json"
    },
    {
      "key": "csp_xBPQ_胖虎",
      "name": "🤍Lem专属 胖虎影视(XBPQ)",
      "type": 3,
      "api": "csp_xBPQ",
      "searchable": 1,
      "quickSearch": 1,
      "filterable": 0,
      "ext": "https://agit.ai/lem85930/OneClickRun/raw/branch/master/XBPQ/panghu.json"
    },
    {
      "key": "csp_xBPQ_皮皮泡",
      "name": "🤍Lem专属 皮皮泡(XBPQ)",
      "type": 3,
      "api": "csp_xBPQ",
      "searchable": 1,
      "quickSearch": 1,
      "filterable": 0,
      "ext": "https://agit.ai/lem85930/OneClickRun/raw/branch/master/XBPQ/pipipao.json"
    },
    {
      "key": "csp_xBPQ_app影视",
      "name": "🤍Lem专属 app影视(XBPQ)",
      "type": 3,
      "api": "csp_xBPQ",
      "searchable": 1,
      "quickSearch": 1,
      "filterable": 0,
      "ext": "https://agit.ai/lem85930/OneClickRun/raw/branch/master/XBPQ/app影视.json"
    },
    {
      "key": "csp_xBPQ_嗷呜视频",
      "name": "🤍Lem专属 嗷呜视频(XBPQ)",
      "type": 3,
      "api": "csp_xBPQ",
      "searchable": 1,
      "quickSearch": 1,
      "filterable": 0,
      "ext": "https://agit.ai/lem85930/OneClickRun/raw/branch/master/XBPQ/嗷呜视频.json"
    },
    {
      "key": "csp_xBPQ_宝仙HD",
      "name": "🤍Lem专属 宝仙HD(XBPQ)",
      "type": 3,
      "api": "csp_xBPQ",
      "searchable": 1,
      "quickSearch": 1,
      "filterable": 0,
      "ext": "https://agit.ai/lem85930/OneClickRun/raw/branch/master/XBPQ/宝仙HD.json"
    },
    {
      "key": "csp_xBPQ_大米星球",
      "name": "🤍Lem专属 大米星球(XBPQ)",
      "type": 3,
      "api": "csp_xBPQ",
      "searchable": 1,
      "quickSearch": 1,
      "filterable": 0,
      "ext": "https://agit.ai/lem85930/OneClickRun/raw/branch/master/XBPQ/大米星球.json"
    },
    {
      "key": "csp_xBPQ_花猫TV",
      "name": "🤍Lem专属 花猫TV(XBPQ)",
      "type": 3,
      "api": "csp_xBPQ",
      "searchable": 1,
      "quickSearch": 1,
      "filterable": 0,
      "ext": "https://agit.ai/lem85930/OneClickRun/raw/branch/master/XBPQ/花猫TV.json"
    },
    {
      "key": "csp_xBPQ_看戏影视",
      "name": "🤍Lem专属 看戏影视(XBPQ)",
      "type": 3,
      "api": "csp_xBPQ",
      "searchable": 1,
      "quickSearch": 1,
      "filterable": 0,
      "ext": "https://agit.ai/lem85930/OneClickRun/raw/branch/master/XBPQ/看戏影视.json"
    },
    {
      "key": "csp_xBPQ_六度TV",
      "name": "🤍Lem专属 六度TV(XBPQ)",
      "type": 3,
      "api": "csp_xBPQ",
      "searchable": 1,
      "quickSearch": 1,
      "filterable": 0,
      "ext": "https://agit.ai/lem85930/OneClickRun/raw/branch/master/XBPQ/六度TV.json"
    },
    {
      "key": "csp_xBPQ_热播酷",
      "name": "🤍Lem专属 热播酷(XBPQ)",
      "type": 3,
      "api": "csp_xBPQ",
      "searchable": 1,
      "quickSearch": 1,
      "filterable": 0,
      "ext": "https://agit.ai/lem85930/OneClickRun/raw/branch/master/XBPQ/热播酷.json"
    },
    {
      "key": "csp_xBPQ_诺讯",
      "name": "🤍Lem专属 诺讯影视(XBPQ)",
      "type": 3,
      "api": "csp_xBPQ",
      "searchable": 1,
      "quickSearch": 1,
      "filterable": 0,
      "ext": "https://agit.ai/lem85930/OneClickRun/raw/branch/master/XBPQ/nuoxunys.json"
    },
    {
      "key": "csp_xBPQ_素白白",
      "name": "🤍Lem专属 素白白(XBPQ)",
      "type": 3,
      "api": "csp_xBPQ",
      "searchable": 1,
      "quickSearch": 1,
      "filterable": 0,
      "ext": "https://agit.ai/lem85930/OneClickRun/raw/branch/master/XBPQ/subaibai.json"
    },
    {
      "key": "csp_xBPQ_98影院",
      "name": "🤍Lem专属 98影院(XBPQ)",
      "type": 3,
      "api": "csp_xBPQ",
      "searchable": 1,
      "quickSearch": 1,
      "filterable": 0,
      "ext": "{\"免嗅\":\"0\",\"副标题\":\"right\\\">&&</span>\",\"播放标题\":\">&&</a>\",\"播放数组\":\"<ul class=\\\"stui-content__playlist&&</ul>\",\"线路数组\": \"<img src=&&/h3>\",\"线路标题\": \">&&<\",\"分类url\":\"http://www.98ju.com/{cateId}/index{catePg}.html[http://www.98ju.com/{cateId}/index.html]\",\"分类\":\"电影$dianyingpian#电视剧$dianshiju#综艺$zongyi#动漫$dongman\",\"类型\":\"替换[全部$全部>>dianyingpian$dianyingpian||dianyingpian--动作片$dongzuopian#爱情片$aiqingpian#科幻片$kehuanpian#恐怖片$kongbupian#战争片$zhanzhengpian#喜剧片$xijupian#纪录片$jilupian#剧情片$juqingpian||dianshiju--国产剧$guochanju#港台剧$gangtaiju#日韩剧$rihanju#欧美剧$oumeiju]\",\"地区\":\"0\",\"剧情\":\"0\",\"年份\":\"0\",\"排序\":\"0\",\"筛选\":\"1\"}"
    },
    {
      "key": "csp_xBPQ_1080在线",
      "name": "🤍Lem专属 1080在线(XBPQ)",
      "type": 3,
      "api": "csp_xBPQ",
      "searchable": 1,
      "quickSearch": 1,
      "filterable": 0,
      "ext": "https://agit.ai/lem85930/OneClickRun/raw/branch/master/XBPQ/1080在线.json"
    },
    {
      "key": "csp_xBPQ_冷曦视频",
      "name": "🤍Lem专属 冷曦视频(XBPQ)",
      "type": 3,
      "api": "csp_xBPQ",
      "searchable": 1,
      "quickSearch": 1,
      "filterable": 0,
      "ext": "{ \"免嗅\":\"0\", \"数组\": \"fed-list-pics fed-lazy fed-part-2by3&&</a>\",  \"标题\":\"class=\\\"fed-list-score fed-font-xii fed-back-green\\\">&&</span>\", \"副标题\":\"class=\\\"fed-list-remarks fed-font-xii fed-text-white fed-text-center\\\">&&</span>\", \"播放标题\":\">&&</a\", \"播放数组\":\"</ul><ul class=\\\"fed-part-rows\\\"&&</ul>\",  \"分类\":\"电视剧$2#动漫$4#电影$1#综艺$3\", \"分类url\":\"https://www.lenxitv.cc/t/guochanju-2.html\", \"年份\":\"2000-2022\", \"筛选\":\"1\" }"
    },
    {
      "key": "csp_xBPQ_鸭奈飞",
      "name": "🤍Lem专属 鸭奈飞(XBPQ)",
      "type": 3,
      "api": "csp_xBPQ",
      "searchable": 1,
      "quickSearch": 1,
      "filterable": 0,
      "ext": "{\"免嗅\":\"1\",\"播放标题\":\"span>&&<\", \"副标题\":\"class=\\\"module-item-note\\\">&&</div>\", \"线路数组\": \"class=\\\"module-tab-item tab-item&&</div>\", \"线路标题\": \"<span>&&</span>\", \"类型\":\"clan://TVBox/筛选/鸭奈飞筛选.json\", \"播放数组\":\"class=\\\"module-play-list-content&&</div>\",\"分类url\":\"https://yanetflix.com/vodshow/{cateId}-{area}-{by}-{class}-{lang}----{catePg}---{year}.html\"}"
    },
    {
      "key": "csp_xBPQ_耐看",
      "name": "🤍Lem专属 耐看点播(XBPQ)",
      "type": 3,
      "api": "csp_xBPQ",
      "searchable": 1,
      "quickSearch": 0,
      "filterable": 0,
      "ext": "{ \"免嗅\":\"1\", \"播放标题\":\"span>&&<\", \"导演\": \"导演：&&</div\", \"主演\": \"主演：&&</div\", \"简介\": \"module-info-introduction-content&&</div>\", \"副标题\":\"class=\\\"module-item-note\\\">&&</div>\", \"线路数组\": \"class=\\\"module-tab-item tab-item&&</div>\", \"线路标题\": \"<span>&&</span>\", \"播放数组\":\"class=\\\"module-play-list&&</div>\", \"分类\":\"电影$1#电视剧$2#综艺$3#动漫$4\", \"分类url\":\"https://www.nkdyw.com/show/{cateId}--------{catePg}---.html\"}"
    },
    {
      "key": "csp_xBPQ_段友影院",
      "name": "🤍Lem专属 段友影院(XBPQ)",
      "type": 3,
      "api": "csp_xBPQ",
      "searchable": 1,
      "quickSearch": 1,
      "filterable": 0,
      "ext": "{\"免嗅\":\"1\",\"播放标题\":\"span>&&<\", \"导演\": \"导演：&&</div\", \"主演\": \"主演：&&</div\", \"简介\": \"show-desc&&</p>\",    \"分类\":\"连续剧$2#动漫$3#B站$31#电影$1#综艺$3\", \"副标题\":\"class=\\\"module-item-note\\\">&&</div>\", \"线路数组\": \"class=\\\"module-tab-item tab-item&&</div>\", \"线路标题\": \"<span>&&</span>\", \"类型\":\"clan://TVBox/筛选/段友影院筛选.json\", \"播放数组\":\"class=\\\"module-play-list-content&&</div>\",\"分类url\":\"https://shangjihuoke.com/vodshow/{cateId}-{area}-{by}-{class}-{lang}----{catePg}---{year}.html\"}"
    },
    {
      "key": "csp_xBPQ_101影视",
      "name": "🤍Lem专属 101影视(XBPQ)",
      "type": 3,
      "api": "csp_xBPQ",
      "searchable": 1,
      "quickSearch": 1,
      "filterable": 0,
      "ext": "{ \"免嗅\":\"0\", \"请求头\":\"电脑\",        \"嗅探词\": \".m3u8#.flv#\",    \"过滤词\": \"101.tv#/play/?vkey=#=https\", \"数组\":\"class=\\\"aplus-exp ecimgbor&&pack-infolist\", \"副标题\":\"class=\\\"pack-prb hidden\\\">&&</span\",   \"线路数组\":\"data-from&&a>\",  \"线路标题\": \">&&</\",   \"播放数组\":\"id=\\\"playsx\\\"&&</ul>\",   \"分类url\":\"http://www.l0l.tv/index.php/vod/show/id/2.html\", \"年份\":\"2000-2022\", \"筛选\":\"0\" }"
    },
    {
      "key": "csp_xBPQ_101直播影视",
      "name": "🤍Lem专属 101影视直播(XBPQ)",
      "type": 3,
      "api": "csp_xBPQ",
      "searchable": 1,
      "quickSearch": 1,
      "filterable": 0,
      "ext": "{ \"请求头\":\"电脑\",      \"主页url\": \"https://www.l0l.tv/ds.php/live\",     \"分类url\": \"https://www.l0l.tv/ds.php/live?type={cateId}&Page={catePg}\",     \"分类\": \"娱乐$1663#网游$1#单机$2793#手游$3203\",     \"数组\": \"class=\\\"bj eclazy&&/div></div>\",     \"标题\": \"title=\\\"\\\">&&<\",     \"副标题\": \"主播：&&<\",     \"链接\": \"href=\\\"/ds.php/live&&\\\"\",     \"直接播放\": \"1\",     \"嗅探词\": \".m3u8#.flv#\",     \"过滤词\": \"101.tv#/play/?vkey=#=https\",     \"筛选\":\"1\", \"剧情\":\"0\", \"地区\":\"0\", \"年份\":\"0\", \"排序\":\"0\",     \"类型\": \"1663--星秀$1663#户外$2165#二次元$2633#一起看$2135#美食$2752#颜值$2168#交友$4079#音乐$3793#体育$2356||1--英雄联盟$1#LOL云顶之弈$5485#穿越火线$4#DNF$2#魔兽世界$8#炉石传说$393#DOTA2$7#坦克世界$802#CSGO$862#魔兽争霸3$4615#问道$107#使命召唤$100137||2793--绝地求生$2793#主机游戏$100032#我的世界$1732#方舟$1997#怪物猎人$3519#逃离塔科夫$3493#怀旧游戏$100125#骑马与砍杀$4783#拾遗记$4913||3203--王者荣耀$2336#和平精英$3203#综合手游$100029#狼人杀$100049#QQ飞车$2928#CF手游$2413#跑跑手游$2620#皇室战争$2439#火影手游$2429\" }"
    },
    {
      "key": "csp_xBPQ_AH",
      "name": "🤍Lem专属 AH视频(XBPQ)",
      "type": 3,
      "api": "csp_xBPQ",
      "searchable": 1,
      "quickSearch": 1,
      "filterable": 0,
      "ext": "{\"数组\":\"class=\\\"list-width&&</a>\",\"图片\":\"original=\\\" &&\\\"\",\"标题\":\"title=\\\"&&\\\"\",\"副标题\":\"class=\\\"list-remarks hidden\\\">&&</span>\",\"链接\":\"href=\\\"&&\\\"\",\"线路数组\":\"class='swiper-slide &&/a>\",\"线路标题\":\">&&<\",\"简介\":\"<meta name=\\\"description\\\" content=\\\"&&\\\" />\",\"播放数组\":\"content-playlist&&</ul>\",\"免嗅\":\"1\",\"嗅探词\":\".m3u8#.mp4\",\"分类url\":\"https://www.sstv.pw/vodshow-{cateId}/page/{catePg}/\",\"分类\":\"电影$1#剧集$2#综艺$3#动漫$4#记录$21\",\"筛选\":\"0\"}"
    },
    {
      "key": "csp_xBPQ凌云影视",
      "name": "🤍Lem专属 凌云影视(XBPQ)",
      "type": 3,
      "api": "csp_xBPQ",
      "searchable": 1,
      "quickSearch": 1,
      "filterable": 0,
      "ext": "{\"免嗅\":\"1\", \"线路\": \"class=\\\"li-img&&/div>\", \"副标题\":\"</i>&&</span></span>\", \"请求头\":\"电脑\", \"图片\": \"data-src=\\\"&&\\\"\",   \"导演\": \"导演：&&</div\", \"主演\": \"主演：&&</div\", \"简介\": \"class=\\\"zkjj_a&&</p>\",  \"线路二次截取\": \"class=\\\"py-tabs&&</ul>\", \"线路数组\": \"<li class&&/small>\", \"线路标题\": \">&&<\", \"播放数组\":\"class=\\\"player ckp\\\"&&</ul>\", \"播放标题\":\">&&<\", \"分类\":\"电视剧$tv#动漫$cartoon#电影$movie#综艺$variety\",  \"分类url\":\"https://www.lingyun.in/list/{cateId}-{area}--{class}-----{catePg}---{year}.html/\", \"年份\":\"2000-2022\", \"筛选\":\"1\" }"
    },
    {
      "key": "csp_xBPQ_饭团",
      "name": "🤍Lem专属 饭团(XBPQ)",
      "type": 3,
      "api": "csp_xBPQ",
      "searchable": 1,
      "quickSearch": 1,
      "filterable": 0,
      "ext": "{\"免嗅\":\"1\", \"播放标题\":\"span>&&<\", \"副标题\":\"class=\\\"pic-text text-right\\\"&&</span>\", \"线路数组\": \"class=\\\"tab-top play-tab clearfix&&</div>\", \"线路标题\": \"<h3>&&</h3>\", \"播放数组\":\"class=\\\"play-item cont active&&</div>\", \"分类url\":\"https://www.fantuanhd.com/show/id-{cateId}/page/{catePg}.html\"}"
    },
    {
      "key": "csp_xBPQ_莫扎兔",
      "name": "🤍Lem专属 莫扎兔(XBPQ)",
      "type": 3,
      "api": "csp_xBPQ",
      "searchable": 1,
      "quickSearch": 0,
      "filterable": 0,
      "ext": "{ \"免嗅\":\"1\", \"播放标题\":\"span>&&<\", \"导演\": \"导演：&&</div\", \"主演\": \"主演：&&</div\", \"简介\": \"show-desc&&</p >\", \"分类\":\"电影$1#电视剧$2#综艺$3#动漫$4#记录$5\", \"副标题\":\"class=\\\"module-item-note\\\">&&</div>\", \"线路数组\": \"class=\\\"module-tab-item tab-item&&</div>\", \"线路标题\": \"<span>&&</span>\", \"播放数组\":\"class=\\\"module-play-list-content&&</div>\", \"分类url\":\"https://www.mozhatu.com/index.php/vod/show/area/{area}/by/{by}/id/{cateId}/class/{class}/letter/{letter}/year/{year}.html\"}"
    },
    {
      "key": "csp_xBPQ_大师兄影视",
      "name": "🤍Lem专属 大师兄影视(XBPQ)",
      "type": 3,
      "api": "csp_xBPQ",
      "searchable": 1,
      "quickSearch": 1,
      "filterable": 0,
      "ext": "https://agit.ai/lem85930/OneClickRun/raw/branch/master/XBPQ/大师兄影视.json"
    },
    {
      "key": "csp_xBPQ_牛马影视",
      "name": "🤍Lem专属 牛马影视(XBPQ)",
      "type": 3,
      "api": "csp_xBPQ",
      "searchable": 1,
      "quickSearch": 1,
      "filterable": 0,
      "ext": "{ \"副标题\":\"class=\\\"pic-text text-right\\\">&&</span>\",    \"播放数组\":\"class=\\\"stui-content__playlist clearfix&&</ul>\", \"播放标题\":\">&&<\",  \"线路数组\": \"class=\\\"more text-muted pull-right\\\">&&/h3>\", \"线路标题\": \"\\\">&&<\",  \"分类\":\"国产剧(我)$guochanju#电视剧(❤️)$dianshiju#动漫(祖)$dongman#电影(国)$dianying#综艺(🇨🇳)$zongyi\",  \"分类url\":\"https://www.niumatv.cc/vodshow/area/{area}/by/{by}/class/{class}/id/{cateId}/page/{catePg}/year/{year}.html\", \"年份\":\"2000-2022\", \"筛选\":\"1\" }"
    },
    {
      "key": "csp_xBPQ_子子影视",
      "name": "🤍Lem专属 子子影视(XBPQ)",
      "type": 3,
      "api": "csp_xBPQ",
      "searchable": 1,
      "quickSearch": 1,
      "filterable": 0,
      "ext": "https://agit.ai/lem85930/OneClickRun/raw/branch/master/XBPQ/子子影视.json"
    },
    {
      "key": "csp_xBPQ_双十电影",
      "name": "🤍Lem专属 双十电影(XBPQ)",
      "type": 3,
      "api": "csp_xBPQ",
      "searchable": 1,
      "quickSearch": 1,
      "filterable": 0,
      "ext": "https://agit.ai/lem85930/OneClickRun/raw/branch/master/XBPQ/双十电影.json"
    },
    {
      "key": "csp_xBPQ_RENPE",
      "name": "🤍Lem专属 RENPE(XBPQ)",
      "type": 3,
      "api": "csp_xBPQ",
      "searchable": 1,
      "quickSearch": 1,
      "filterable": 0,
      "ext": "https://agit.ai/lem85930/OneClickRun/raw/branch/master/XBPQ/RENPE.json"
    },
    {
      "key": "csp_xBPQ_神马影院",
      "name": "🤍Lem专属 神马影院(XBPQ)",
      "type": 3,
      "api": "csp_xBPQ",
      "searchable": 1,
      "quickSearch": 1,
      "filterable": 0,
      "ext": "https://agit.ai/lem85930/OneClickRun/raw/branch/master/XBPQ/神马影院.json"
    },

    {
      "key": "csp_xBPQ_剧迷",
      "name": "🤍Lem专属 剧迷(XBPQ)",
      "type": 3,
      "api": "csp_xBPQ",
      "searchable": 1,
      "quickSearch": 1,
      "filterable": 0,
      "ext": "https://agit.ai/lem85930/OneClickRun/raw/branch/master/XBPQ/gimy.json"
    },
    {
      "key": "csp_xBPQ_追剧喵",
      "name": "🤍Lem专属 追剧喵(XBPQ)",
      "type": 3,
      "api": "csp_xBPQ",
      "searchable": 1,
      "quickSearch": 1,
      "filterable": 0,
      "ext": "https://agit.ai/lem85930/OneClickRun/raw/branch/master/XBPQ/zjmiao.json"
    },
     {
      "key": "csp_xBPQ_七小时影院",
      "name": "🤍Lem专属 七小时影院(XBPQ)",
      "type": 3,
      "api": "csp_xBPQ",
      "searchable": 1,
      "quickSearch": 1,
      "filterable": 0,
      "ext": "https://agit.ai/lem85930/OneClickRun/raw/branch/master/XBPQ/七小时影院.json"
    },
    {
      "key": "csp_xBPQ_电影先生",
      "name": "🤍Lem专属 电影先生(XBPQ)",
      "type": 3,
      "api": "csp_xBPQ",
      "searchable": 1,
      "quickSearch": 1,
      "filterable": 0,
      "ext": "https://agit.ai/lem85930/OneClickRun/raw/branch/master/XBPQ/电影先生.json"
    },
    
    {
      "key": "csp_xBPQ_看视界",
      "name": "️🤍Lem专属 看视界(XBPQ)",
      "type": 3,
      "api": "csp_xBPQ",
      "searchable": 1,
      "quickSearch": 1,
      "filterable": 0,
      "ext": "https://agit.ai/lem85930/OneClickRun/raw/branch/master/XBPQ/kansjxbpq.json"
    },
    {
      "key": "csp_xBPQ_f7hkjxbpq",
      "name": "️🤍Lem专属 F7好看剧(XBPQ)",
      "type": 3,
      "api": "csp_xBPQ",
      "searchable": 1,
      "quickSearch": 1,
      "filterable": 0,
      "ext": "https://agit.ai/lem85930/OneClickRun/raw/branch/master/XBPQ/f7hkjxbpq.json"
    },
    {
      "key": "csp_xBPQ_乐猪影视",
      "name": "️🤍Lem专属 乐猪影视(XBPQ)",
      "type": 3,
      "api": "csp_xBPQ",
      "searchable": 1,
      "quickSearch": 1,
      "filterable": 0,
      "ext": "https://agit.ai/lem85930/OneClickRun/raw/branch/master/XBPQ/乐猪影视.json"
    },
    {
      "key": "csp_xBPQ_骚火影视",
      "name": "️🤍Lem专属 骚火影视(XBPQ)",
      "type": 3,
      "api": "csp_xBPQ",
      "searchable": 1,
      "quickSearch": 1,
      "filterable": 0,
      "ext": "https://agit.ai/lem85930/OneClickRun/raw/branch/master/XBPQ/骚火影视.json"
    },
    {
      "key": "csp_xpath_听书网",
      "name": "听书网",
      "type": 3,
      "api": "csp_XBiubiu",
      "searchable": 1,
      "quickSearch": 1,
      "filterable": 1,
      "ext": "https://gitee.com/rolf963/xb/raw/master/听书网.json"
    },

    {
      "key": "csp_xpath_mp4dy",
      "name": "mp4dy(XP)",
      "type": 3,
      "api": "csp_XPath",
      "searchable": 1,
      "quickSearch": 1,
      "filterable": 1,
      "ext": "https://gitee.com/rolf963/xp/raw/master/mp4dy.json"
    },
    
    {
      "key": "bdys",
      "name": "哔嘀〔磁力测试〕",
      "type": 3,
      "api": "csp_XPbd",
      "searchable": 1,
      "quickSearch": 1,
      "filterable": 1,
      "ext": "https://gitee.com/rolf963/xp/raw/master/Bdys.json"
    }
  ],
  "lives": [
    {
      "group": "redirect",
      "channels": [
        {
          "name": "redirect",
          "urls": [
  //"proxy://do=live&type=txt&ext=aHR0cHM6Ly9hZ2l0LmFpL3JvbGYvbXljYXRqay9yYXcvYnJhbmNoL21hc3Rlci96Yi50eHQ="
            "proxy://do=live&type=txt&ext=aHR0cHM6Ly9hZ2l0LmFpL1lvdXJzbWlsZTcvVFZCb3gvcmF3L2JyYW5jaC9tYXN0ZXIvbGl2ZS50eHQ="
                     ]
        }
      ]
    }
  ],
  "parses": [
    {
      "name": "解析聚合",
      "type": 3,
      "url": "Demo"
    },
    {
      "name": "Json并发",
      "type": 2,
      "url": "Parallel"
    },
    {
      "name": "Json轮询",
      "type": 2,
      "url": "Sequence"
    },
         {"name":"-香-","type":0,"url":"https://jx.m3u8.pw/?url="},
        {"name":"-雅-","type":0,"url":"https://jx.xmflv.com/?url="},
        {"name":"-情-","type":0,"url":"https://jx.bozrc.com:4433/player/?url=","ext":{"flag":["qq","腾讯","qiyi","爱奇艺","奇艺","youku","优酷","mgtv","芒果","letv","乐视","pptv","PPTV","sohu","bilibili","哔哩哔哩","哔哩"]}},
        {"name":"-免-","type":0,"url":"http://okjx.cc/?url=","parse":"1","ext":{"flag":["qq","腾讯","qiyi","爱奇艺","奇艺","youku","优酷","mgtv","芒果","letv","乐视","pptv","PPTV","sohu","bilibili","哔哩哔哩","哔哩"]}},
        {"name":"-费-","type":0,"url":"https://jx.yparse.com/index.php?url="},
        {"name":"-分-","type":0,"url":"https://jx.jsonplayer.com/player/?url="},
        {"name":"-享-","type":0,"url":"https://jx.aidouer.net/?url="},
        {"name":"-🌷-","type":0,"url":"https://jx.quankan.app/?url="},
    {
		"name": "rx2",
		"type": 1,
		"url": "http://rxjx.kuanjv.com/allm3u8.php?url="
	}, {
		"name": "万年魂环",
		"type": 1,
		"url": "https://jiexi.parses.repl.co/api.php?url="
	}, {
		"name": "刚刚走过",
		"type": 1,
		"url": "http://jx.fuqizhishi.com:63/API.php?appkey=feimao&url="
	}, {
		"name": "未知",
		"type": 0,
		"url": "https://h5.freejson.xyz/player/?url=",
		"ext": {
			"flag": ["qq", "腾讯", "qiyi", "爱奇艺", "奇艺", "youku", "优酷", "mgtv", "芒果", "letv", "乐视", "pptv", "PPTV", "sohu", "bilibili", "哔哩哔哩", "哔哩"],"header":{"User-Agent":"okhttp/4.1.0"}
		}    
	}, 
    {
		"name": "OKjx嗅探",
		"type": 0,
		"url": "https://okjx.cc/?url="
	}, 
    {
			"name": "Q1官解",
			"type": 1,
			"url": "https://parse.ikunfk.cc/parse/sign/20221230?url=",
			"header": {
				"User-Agent": "Mozilla/5.0"
			}
		},
          {
            "name": "来",
            "type": 1,
            "url": "http://pandown.pro/app/ysmjx.php?url=",
            "ext": {
                "flag": [
                    "qq",
                    "腾讯",
                    "qiyi",
                    "爱奇艺",
                    "奇艺",
                    "youku",
                    "优酷",
                    "mgtv",
                    "芒果",
                    "letv",
                    "乐视",
                    "pptv",
                    "PPTV",
                    "sohu",
                    "bilibili",
                    "哔哩哔哩",
                    "哔哩"
                ],
                "header": {
                    "User-Agent": "okhttp/4.1.0"
                }
            }
        },
        {
            "name": "网络",
            "type": 1,
            "url": "http://jx.fuqizhishi.com:63/API.php?appkey=feimao&url="
        },
        {
            "name": "💋So丶",
            "type": 0,
            "url": "https://tljiaqing.nde.tw/m3u8/?url="
        },
        {
            "name": "大家",
            "type": 1,
            "url": "http://45.248.10.163:4433/json.php?wap=0&url="
        },
        {
            "name": "随便",
            "type": 0,
            "url": "https://h5.freejson.xyz/player/?url="
        },
        {
            "name": "弄",
            "type": 1,
            "url": "rxjx.kuanjv.com/allm3u8.php?url="
        },
        {
            "name": "不要",
            "type": 1,
            "url": "http://rxjx.kuanjv.com/allm3u8.php?url="
        },
        {
            "name": "客气",
            "type": 1,
            "url": "http://lanlan.ckflv.cn/?url=",
            "ext": {
                "flag": [
                    "qiyi",
                    "qq",
                    "letv",
                    "sohu",
                    "youku",
                    "mgtv",
                    "bilibili",
                    "wasu",
                    "xigua",
                    "1905"
                ]
            }
        },
        {
            "name": "坏了",
            "type": 1,
            "url": "https://www.1920lgzy.top/json.php?url=",
            "ext": {
                "header": {
                    "User-Agent": "Mozilla/5.0"
                }
            }
        },
        {
            "name": "我再",
            "type": 1,
            "url": "https://hc.izny.cn/json.php?url="
        },
        {
            "name": "去找",
            "type": 1,
            "url": "https://rx.bt5v.com/json/jsonindex.php/?url="
        },
        {
            "name": "来",
            "type": 1,
            "url": "https://www.nxflv.com/?url="
        },
        {
            "name": "野",
            "type": 1,
            "url": "http://3.37.195.161:54371/parse/api/无名.js?url="
        },
    {
		"name": "rx2",
		"type": 1,
		"url": "http://rxjx.kuanjv.com/allm3u8.php?url="  
	}, 
    {
		"name": "未知",
		"type": 1,
		"url": "http://45.248.10.163:4433/json.php?wap=0&url="
	}, 
    {
		"name": "bozrc",
		"type": 0,
		"url": "https://jx.bozrc.com:4433/player/?url=",
		"ext": {
			"flag": ["qq","腾讯","企鹅","IQiYi","qiyi","爱奇艺","奇艺","youku","YouKu","优酷","sohu","SoHu","搜狐","letv","LeShi","乐视","mgtv","MangGuo","芒果","CL4K","renrenmi","ltnb","bilibili","1905","xigua"]
		}    
	},
    {
		"name": "OKjx嗅探",
		"type": 0,
		"url": "https://okjx.cc/?url="
	},
    {
		"name": "未知2",
		"type": 0,
		"url": "https://h5.freejson.xyz/player/?url=",
		"ext": {
			"flag": ["qq", "腾讯", "qiyi", "爱奇艺", "奇艺", "youku", "优酷", "mgtv", "芒果", "letv", "乐视", "pptv", "PPTV", "sohu", "bilibili", "哔哩哔哩", "哔哩"],"header":{"User-Agent":"okhttp/4.1.0"}
		}    
	}
  ],
  "rules": [
    {"host": "*","rule": ["default.365yg.com"]},
    {"host": "dyxs20.com","rule": [".m3u8"]},
    {"host": "www.agemys.cc","rule": ["cdn-tos","obj/tos-cn"]},
    {"host": "zjmiao.com","rule": ["play.videomiao.vip/API.php","time="]},
    {"host": "www.sharenice.net","rule": ["http.*?/play.{0,3}\\?[^url]{2,8}=.*"]},
    {"host": "www.sharenice.net","rule": ["qianpailive.com","vid="]},
    {"host": "*","rule": ["douyin.com/aweme","video_id="]},
    {"host": "*","rule": ["huoshan.com","/item/video/"]},
    {"host": "*","rule": ["http((?!http).){12,}?\\.(m3u8|mp4|flv|avi|mkv|rm|wmv|mpg|m4a)\\?.*"]},
     {
        "host":"www.iesdouyin.com",
        "rule":["playwm/?video_id="]
        },
        {
        "host":"v.douyin.com",
        "rule":["playwm/?video_id="]
        },
    {"host": "*","rule": ["http((?!http).){12,}\\.(m3u8|mp4|flv|avi|mkv|rm|wmv|mpg|m4a)"]}],
  "flags": [
    "youku",
    "qq",
    "iqiyi",
    "qiyi",
    "letv",
    "sohu",
    "tudou",
    "pptv",
    "mgtv",
    "cctv",
    "cntv",
    "wasu",
    "bilibili",
    "xigua",
    "1905",
    "1920i",
    "1920l",
    "mim3u8",
    "laodim3u8",
    "leduo",
    "CL4K",
    "ltnb",
    "rx",
    "renrenmi",
    "wuduyun",
    "xueren",
    "naifeimi",
    "miaoparty",
    "miaoparty2",
    "miaoparty3",
    "xfy",
    "xfyun",
    "x1play",
    "fuckapp",
    "duoduozy",
    "ftqp2",
    "ftqp3",
    "ftqp4",
    "hnm3u8",
    "hnyun",
    "ftqp5"
  ],
  "ijk": [
    {
      "group": "软解码",
      "options": [
        {
          "category": 4,
          "name": "opensles",
          "value": "0"
        },
        {
          "category": 4,
          "name": "overlay-format",
          "value": "842225234"
        },
        {
          "category": 4,
          "name": "framedrop",
          "value": "1"
        },
        {
          "category": 4,
          "name": "soundtouch",
          "value": "1"
        },
        {
          "category": 4,
          "name": "start-on-prepared",
          "value": "1"
        },
        {
          "category": 1,
          "name": "http-detect-range-support",
          "value": "0"
        },
        {
          "category": 1,
          "name": "fflags",
          "value": "fastseek"
        },
        {
          "category": 2,
          "name": "skip_loop_filter",
          "value": "48"
        },
        {
          "category": 4,
          "name": "reconnect",
          "value": "1"
        },
        {
          "category": 4,
          "name": "max-buffer-size",
          "value": "5242880"
        },
        {
          "category": 4,
          "name": "enable-accurate-seek",
          "value": "0"
        },
        {
          "category": 4,
          "name": "mediacodec",
          "value": "0"
        },
        {
          "category": 4,
          "name": "mediacodec-auto-rotate",
          "value": "0"
        },
        {
          "category": 4,
          "name": "mediacodec-handle-resolution-change",
          "value": "0"
        },
        {
          "category": 4,
          "name": "mediacodec-hevc",
          "value": "0"
        },
        {
          "category": 1,
          "name": "dns_cache_timeout",
          "value": "600000000"
        }
      ]
    },
    {
      "group": "硬解码",
      "options": [
        {
          "category": 4,
          "name": "opensles",
          "value": "0"
        },
        {
          "category": 4,
          "name": "overlay-format",
          "value": "842225234"
        },
        {
          "category": 4,
          "name": "framedrop",
          "value": "1"
        },
        {
          "category": 4,
          "name": "soundtouch",
          "value": "1"
        },
        {
          "category": 4,
          "name": "start-on-prepared",
          "value": "1"
        },
        {
          "category": 1,
          "name": "http-detect-range-support",
          "value": "0"
        },
        {
          "category": 1,
          "name": "fflags",
          "value": "fastseek"
        },
        {
          "category": 2,
          "name": "skip_loop_filter",
          "value": "48"
        },
        {
          "category": 4,
          "name": "reconnect",
          "value": "1"
        },
        {
          "category": 4,
          "name": "max-buffer-size",
          "value": "5242880"
        },
        {
          "category": 4,
          "name": "enable-accurate-seek",
          "value": "0"
        },
        {
          "category": 4,
          "name": "mediacodec",
          "value": "1"
        },
        {
          "category": 4,
          "name": "mediacodec-auto-rotate",
          "value": "1"
        },
        {
          "category": 4,
          "name": "mediacodec-handle-resolution-change",
          "value": "1"
        },
        {
          "category": 4,
          "name": "mediacodec-hevc",
          "value": "1"
        },
        {
          "category": 1,
          "name": "dns_cache_timeout",
          "value": "600000000"
        }
      ]
    }
  ],
  "ads": [
    "mimg.0c1q0l.cn",
    "www.googletagmanager.com",
    "mc.usihnbcq.cn",
    "mg.g1mm3d.cn",
    "mscs.svaeuzh.cn",
    "cnzz.hhttm.top",
    "tp.vinuxhome.com",
    "cnzz.mmstat.com",
    "www.baihuillq.com",
    "s23.cnzz.com",
    "z3.cnzz.com",
    "c.cnzz.com",
    "stj.v1vo.top",
    "z12.cnzz.com",
    "img.mosflower.cn",
    "tips.gamevvip.com",
    "ehwe.yhdtns.com",
    "xdn.cqqc3.com",
    "www.jixunkyy.cn",
    "sp.chemacid.cn",
    "hm.baidu.com",
    "s9.cnzz.com",
    "z6.cnzz.com",
    "um.cavuc.com",
    "mav.mavuz.com",
    "wofwk.aoidf3.com",
    "z5.cnzz.com",
    "xc.hubeijieshikj.cn",
    "tj.tianwenhu.com",
    "xg.gars57.cn",
    "k.jinxiuzhilv.com",
    "cdn.bootcss.com",
    "ppl.xunzhuo123.com",
    "xomk.jiangjunmh.top",
    "img.xunzhuo123.com",
    "z1.cnzz.com",
    "s13.cnzz.com",
    "xg.huataisangao.cn",
    "z7.cnzz.com",
    "xg.huataisangao.cn",
    "z2.cnzz.com",
    "s96.cnzz.com",
    "q11.cnzz.com",
    "thy.dacedsfa.cn",
    "xg.whsbpw.cn",
    "s19.cnzz.com",
    "z8.cnzz.com",
    "s4.cnzz.com",
    "f5w.as12df.top",
    "ae01.alicdn.com",
    "www.92424.cn",
    "k.wudejia.com",
    "vivovip.mmszxc.top",
    "qiu.xixiqiu.com",
    "cdnjs.hnfenxun.com",
    "cms.qdwght.com"
  ],
  "wallpaper": "http://www.kf666888.cn/api/tvbox/img",
  //"spider": "https://agit.ai/lem85930/LEM/raw/branch/master/JARS/lem1019.jar;md5;194E9D8D4E6AE2E8AE11CFD196FBF661"
  //"spider": "https://agit.ai/Yoursmile7/TVBox/raw/branch/master/Yoursmile.jar;md5;203FC17AA0BD99316692CE0BC08760B8"
  //"spider": "https://agit.ai/Yoursmile7/TVBox/raw/branch/master/Yoursmile.jar;md5;3FF662D44D19110691030E502FA92833"
  "spider": "https://agit.ai/rolf/mycatjk/raw/branch/master/custom_spider.jar;md5;2f2e6466120944c557970d58f9d88878"
}