{

  "classes": [
    {
      "type_name": "mv",
      "type_id": "mv"
    },
    {
      "type_name": "演唱会",
      "type_id": "演唱会"
    },
    {
      "type_name": "作文",
      "type_id": "作文"
    },
    {
      "type_name": "部编版数学",
      "type_id": "部编版数学"
    },
    {
      "type_name": "戏曲",
      "type_id": "戏曲"
    },
    {
      "type_name": "动物世界",
      "type_id": "动物世界"
    },
    {
      "type_name": "纪录片",
      "type_id": "纪录片"
    },
  {
      "type_name": "公开课",
      "type_id": "公开课"
    },
    {
      "type_name": "相声小品",
      "type_id": "相声小品"
    },
    {
      "type_name": "儿童",
      "type_id": "儿童"
    }
  ],
  "filter": {
     "mv": [
      {
        "key": "tid",
        "name": "分类",
        "value": [
          {
            "n": "全部",
            "v": "mv"
          },
          {
            "n": "经典",
            "v": "经典mv"
          },
          {
            "n": "热播",
            "v": "热播mv"
          },
          {
            "n": "成名曲",
            "v": "成名曲mv"
          },
          {
            "n": "翻唱",
            "v": "翻唱mv"
          },
          {
            "n": "影视",
            "v": "影视mv"
          },
           {
            "n": "韩国",
            "v": "韩国mv"
          },
          {
            "n": "古风",
            "v": "古风mv"
          },
           {
            "n": "闽南语",
            "v": "闽南语mv"
          },
          {
            "n": "韩国女团",
            "v": "韩国女团mv"
          },
          {
            "n": "日本",
            "v": "日本mv"
          },
           {
            "n": "美国",
            "v": "美国mv"
          },
           {
            "n": "亚洲",
            "v": "亚洲mv"
          },
          {
            "n": "印度",
            "v": "印度mv"
          },         
          {
            "n": "蔡依林",
            "v": "蔡依林mv"
          },
          {
            "n": "陈慧琳",
            "v": "陈慧琳mv"
          },
          {
            "n": "孙燕姿",
            "v": "孙燕姿mv"
          },
          {
            "n": "雷婷",
            "v": "雷婷"
          },
          {
            "n": "邓涛",
            "v": "邓涛mv"
          },
          {
            "n": "陈瑞",
            "v": "陈瑞mv"
          },
          {
            "n": "门丽",
            "v": "门丽mv"
          },
          {
            "n": "梁静茹",
            "v": "梁静茹mv"
          },
          {
            "n": "张靓颖",
            "v": "张靓颖mv"
          },
          {
            "n": "蔡淳佳",
            "v": "蔡淳佳mv"
          },
          {
            "n": "张学友",
            "v": "张学友mv"
          },
          {
            "n": "金南玲",
            "v": "金南玲mv"
          },
         {
            "n": "邓丽君",
            "v": "邓丽君mv"
          },
          {
            "n": "雷婷",
            "v": "雷婷"
          },
           {
            "n": "任然",
            "v": "任然mv"
          },
          {
            "n": "张韶涵",
            "v": "张韶涵mv"
          },
          {
            "n": "李宗盛",
            "v": "李宗盛mv"
          },
          {
            "n": "萧亚轩",
            "v": "萧亚轩mv"
          },
          {
            "n": "戴佩妮",
            "v": "戴佩妮mv"
          },
          {
            "n": "戴佩妮",
            "v": "戴佩妮mv"
          }, 
          {
            "n": "邓涛",
            "v": "邓涛mv"
          },
         {
            "n": "潭艳",
            "v": "潭艳"
          },
          {
            "n": "许茹芸",
            "v": "许茹芸mv"
          },         
           {
            "n": "林忆莲",
            "v": "林忆莲mv"
          },
           {
            "n": "秦岚",
            "v": "秦岚mv"
          },
          {
            "n": "孙露",
            "v": "孙露mv"
          },
     {
      "n": "D邓丽君",
      "v": "邓丽君MV"
    },
    {
      "n": "D邓紫棋",
      "v": "邓紫棋MV"
    },
     {
      "n": "D刀郎",
      "v": "刀郎MV"
    },
    {
      "n": "D达明一派",
      "v": "刘以达MV"
    },
    {
      "n": "F费玉清",
      "v": "费玉清MV"
    },
    {
      "n": "F飞图",
      "v": "飞图MV"
    },
    {
      "n": "G谷村新司",
      "v": "谷村新司MV"
    },
    {
      "n": "G郭富城",
      "v": "郭富城MV"
    },
    {
      "n": "G关淑怡",
      "v": "关淑怡MV"
    },
    {
      "n": "H黄凯芹",
      "v": "黄凯芹MV"
    },
    {
      "n": "J降央卓玛",
      "v": "降央卓玛MV"
    },
    
    {
      "n": "J江慧",
      "v": "江慧MV"
    },
    {
      "n": "J吉永小百合",
      "v": "吉永小百合MV"
    },
    {
      "n": "J金庸",
      "v": "金庸影视MV"
    },
    {
      "n": "K柯以敏",
      "v": "柯以敏MV"
    },
    {
      "n": "K邝美云",
      "v": "邝美云MV"
    },
    {
      "n": "L刘德华",
      "v": "刘德华MV"
    },
    {
      "n": "Lady Gaga",
      "v": "Lady GagaMV"
    },
    {
      "n": "L龙飘飘",
      "v": "龙飘飘MV"
    },
    {
      "n": "L罗大佑",
      "v": "罗大佑MV"
    },
    {
      "n": "L林志炫",
      "v": "林志炫MV"
    },
    {
      "n": "L林忆莲",
      "v": "林忆莲MV"
    },
    {
      "n": "L李知恩",
      "v": "李知恩MV"
    },
    {
      "n": "L冷漠",
      "v": "冷漠MV"
    },
    {
      "n": "L李克勤",
      "v": "李克勤MV"
    },
    {
      "n": "L林子祥",
      "v": "林子祥MV"
    },
    {
      "n": "L黎明",
      "v": "黎明MV"
    },
    {
      "n": "L刘若英",
      "v": "刘若英MV"
    },
    {
      "n": "M莫文蔚",
      "v": "莫文蔚MV"
    },
    {
      "n": "M孟庭苇",
      "v": "孟庭苇MV"
    },
    {
      "n": "M麦当娜",
      "v": "麦当娜MV"
    },

    {
      "n": "M迈克杰克逊",
      "v": "迈克杰克逊MV"
    },
    {
      "n": "N雅尼紫禁城",
      "v": "雅尼紫禁城MV"
    },
    {
      "n": "P潘越云",
      "v": "潘越云MV"
    },
    {
      "n": "P潘美辰",
      "v": "潘美辰MV"
    },
    {
      "n": "Q齐秦",
      "v": "齐秦MV"
    },
    
    {
      "n": "R任贤齐",
      "v": "任贤齐MV"
    },
    {
      "n": "S苏慧伦",
      "v": "苏慧伦MV"
    },
    {
      "n": "T童安格",
      "v": "童安格MV"
    },
    {
      "n": "TFBOYS",
      "v": "TFBOYSMV"
    },
    {
      "n": "T太极乐队",
      "v": "太极乐队MV"
    },
    {
      "n": "T唐朝摇滚",
      "v": "唐朝摇滚MV"
    },
    
    {
      "n": "T谭咏麟",
      "v": "谭咏麟MV"
    },
    
    {
      "n": "W王琪",
      "v": "王琪MV"
    },
     {
      "n": "W伍珂玥",
      "v": "伍珂玥MV"
    },
    {
      "n": "W王杰",
      "v": "王杰MV"
    },
    {
      "n": "W伍佰",
      "v": "伍佰MV"
    },
    {
      "n": "W温兆伦",
      "v": "温兆伦MV"
    },
    {
      "n": "W王菲",
      "v": "王菲MV"
    },
    {
      "n": "X徐小凤",
      "v": "徐小凤MV"
    },
    {
      "n": "X席琳迪翁",
      "v": "席琳迪翁MV"
    },
    {
      "n": "X许嵩",
      "v": "黄许嵩MV"
    },
    {
      "n": "X许美静",
      "v": "许美静MV"
    },
    {
      "n": "X许冠杰",
      "v": "许冠杰MV"
    },
    {
      "n": "X熊天平",
      "v": "熊天平MV"
    },
    {
      "n": "X小虎队",
      "v": "小虎队MV"
    },
    {
      "n": "X许巍",
      "v": "许巍MV"
    },
    {
      "n": "Y叶启田",
      "v": "叶启田MV"
    },
    {
      "n": "Y杨钰莹",
      "v": "杨钰莹MV"
    },
    {
      "n": "Y叶玉卿",
      "v": "叶玉卿MV"
    },
    {
      "n": "Y杨千嬅",
      "v": "杨千嬅MV"
    },
    {
      "n": "Y怡正宵",
      "v": "怡正宵MV"
    },
    {
      "n": "Z左麟右李",
      "v": "左麟右李MV"
    },
    {
      "n": "Z张楚",
      "v": "张楚MV"
    },
    {
      "n": "Z张真",
      "v": "张真MV"
    },
    {
      "n": "Z张震岳",
      "v": "张震岳MV"
    },
    {
      "n": "Z赵传",
      "v": "赵传MV"
    },
    {
      "n": "Z周华健",
      "v": "周华健MV"
    },
    {
      "n": "Z周启生",
      "v": "周启生MV"
    },
    {
      "n": "Z张信哲",
      "v": "张信哲MV"
    },
    {
      "n": "Z张也",
      "v": "张也MV"
    },
    
    {
      "n": "Z周慧敏",
      "v": "周慧敏MV"
    },
   
    {
      "n": "Z张碧晨",
      "v": "张碧晨MV"
    },
    {
      "n": "Z中岛美雪",
      "v": "中岛美雪MV"
    },
    {
      "n": "Z张学友",
      "v": "张学友MV"
    },
    {
      "n": "Z猪哥亮",
      "v": "猪哥亮MV"
    },
    {
      "n": "Z周杰伦",
      "v": "周杰伦MV"
    },
    {
      "n": "Z周深",
      "v": "周深MV"
    },
    {
      "n": "Z张蔷",
      "v": "张蔷MV"
    },
    {
      "n": "Z张帝",
      "v": "张帝MV"
    },
    {
      "n": "Z张国荣",
      "v": "张国荣MV"
    },
    {
      "n": "Z周传雄",
      "v": "周传雄MV"
    }
     ]
      },
      {
        "key": "duration",
        "name": "时长",
        "value": [
          {
            "n": "100分钟以上",
            "v": "4"
          },
          {
            "n": "50~100分钟",
            "v": "3"
          },
          {
            "n": "10~30分钟",
            "v": "2"
          },
          {
            "n": "10分钟以下",
            "v": "1"
          },
          {
            "n": "全部",
            "v": "0"
          }
        ]
      }
    ],
    "相声小品": [
      {
        "key": "tid",
        "name": "分类",
        "value": [
          {
            "n": "全部",
            "v": "相声小品"
          },
          {
            "n": "单口相声",
            "v": "单口相声"
          },
          {
            "n": "群口相声",
            "v": "群口相声"
          },
          {
            "n": "德云社",
            "v": "德云社"
          },
          {
            "n": "青曲社",
            "v": "青曲社"
          },
          {
            "n": "郭德纲",
            "v": "郭德纲"
          },
          {
            "n": "脱口秀",
            "v": "脱口秀"
          },
          {
            "n": "曹云金",
            "v": "曹云金"
          },
          {
            "n": "评书",
            "v": "评书"
          },
          {
            "n": "小曲",
            "v": "小曲"
          },
          {
            "n": "二人转",
            "v": "二人转"
          },
          {
            "n": "春晚小品",
            "v": "春晚小品"
          },
          {
            "n": "赵本山",
            "v": "赵本山"
          },
          {
            "n": "陈佩斯",
            "v": "陈佩斯"
          },
          {
            "n": "冯帆",
            "v": "冯帆"
          },
          {
            "n": "宋小宝",
            "v": "宋小宝"
          },
          {
            "n": "赵丽蓉",
            "v": "赵丽蓉"
          },
          {
            "n": "郭达",
            "v": "郭达"
          },
          {
            "n": "潘长江",
            "v": "潘长江"
          },
          {
            "n": "郭冬临",
            "v": "郭冬临"
          },
          {
            "n": "严顺开",
            "v": "严顺开"
          },
          {
            "n": "文松",
            "v": "文松"
          },
          {
            "n": "开心麻花",
            "v": "开心麻花"
          },
          {
            "n": "喜剧综艺",
            "v": "喜剧综艺"
          }
        ]
      },
      {
        "key": "duration",
        "name": "时长",
        "value": [
          {
            "n": "60分钟以上",
            "v": "4"
          },
          {
            "n": "30~60分钟",
            "v": "3"
          },
          {
            "n": "10~30分钟",
            "v": "2"
          },
          {
            "n": "10分钟以下",
            "v": "1"
          },
          {
            "n": "全部",
            "v": "0"
          }
        ]
      }
    ],
    "儿童": [
      {
        "key": "tid",
        "name": "分类",
        "value": [
          {
            "n": "全部",
            "v": "儿童"
          },
          {
            "n": "教育",
            "v": "儿童教育"
          },
          {
            "n": "歌曲",
            "v": "儿童歌曲"
          },
          {
            "n": "舞蹈",
            "v": "儿童舞蹈"
          },
          {
            "n": "成语故事",
            "v": "儿童成语故事"
          },
          {
            "n": "音乐",
            "v": "儿童音乐"
          },
          {
            "n": "儿童MV",
            "v": "儿童MV"
          },
          {
            "n": "绘画",
            "v": "儿童绘画"
          },
          {
            "n": "演出",
            "v": "儿童演出"
          },
          {
            "n": "儿童好声音",
            "v": "儿童好声音"
          }
        ]
      },
      {
        "key": "duration",
        "name": "时长",
        "value": [
          {
            "n": "60分钟以上",
            "v": "4"
          },
          {
            "n": "30~60分钟",
            "v": "3"
          },
          {
            "n": "10~30分钟",
            "v": "2"
          },
          {
            "n": "10分钟以下",
            "v": "1"
          },
          {
            "n": "全部",
            "v": "0"
          }
        ]
      }
    ], 
    "作文": [
      {
        "key": "tid",
        "name": "分类",
        "value": [
          {
            "n": "全部",
            "v": "作文"
          },
          {
            "n": "三年级上",
            "v": "三年级上"
          },
           {
            "n": "三年级下",
            "v": "三年级下"
          },
          {
            "n": "四年级上",
            "v": "四年级上"
          },
           {
            "n": "四年级下",
            "v": "四年级下"
          },
          {
            "n": "五年级上",
            "v": "五年级上"
          },
          {
            "n": "五年级下",
            "v": "五年级下"
          },
          {
            "n": "六年级上",
            "v": "六年级上"
          },
          {
            "n": "六年级下",
            "v": "六年级下"
          }
                  ]
      },
      {
        "key": "duration",
        "name": "时长",
        "value": [
          {
            "n": "1000分钟以上",
            "v": "4"
          },
          {
            "n": "500~1000分钟",
            "v": "3"
          },
          {
            "n": "100~500分钟",
            "v": "2"
          },
          {
            "n": "100分钟以下",
            "v": "1"
          },
          {
            "n": "全部",
            "v": "0"
          }
        ]
      }
    ], 
       "部编版数学": [
          {
        "key": "tid",
        "name": "分类",
        "value": [
          {
            "n": "全部",
            "v": "部编版数学"
          },
               {
            "n": "一年级上",
            "v": "一年级上"
          },
           {
            "n": "一年级下",
            "v": "一年级下"
          },
          {
            "n": "二年级上",
            "v": "二年级上"
          },
           {
            "n": "二年级下",
            "v": "二年级下"
          },
          {
            "n": "三年级上",
            "v": "三年级上"
          },
           {
            "n": "三年级下",
            "v": "三年级下"
          },
          {
            "n": "四年级上",
            "v": "四年级上"
          },
           {
            "n": "四年级下",
            "v": "四年级下"
          },
          {
            "n": "五年级上",
            "v": "五年级上"
          },
          {
            "n": "五年级下",
            "v": "五年级下"
          },
          {
            "n": "六年级上",
            "v": "六年级上"
          },
          {
            "n": "六年级下",
            "v": "六年级下"
          }
                  ]
      },
      {
        "key": "duration",
        "name": "时长",
        "value": [
          {
            "n": "1000分钟以上",
            "v": "4"
          },
          {
            "n": "500~1000分钟",
            "v": "3"
          },
          {
            "n": "100~500分钟",
            "v": "2"
          },
          {
            "n": "100分钟以下",
            "v": "1"
          },
          {
            "n": "全部",
            "v": "0"
          }
        ]
      }
    ], 
     "部编版语文": [
        {
        "key": "tid",
        "name": "分类",
        "value": [
          {
            "n": "全部",
            "v": "部编版语文"
          },
           {
            "n": "一年级上",
            "v": "一年级上"
          },
           {
            "n": "一年级下",
            "v": "一年级下"
          },
          {
            "n": "二年级上",
            "v": "二年级上"
          },
           {
            "n": "二年级下",
            "v": "二年级下"
          },
          {
            "n": "三年级上",
            "v": "三年级上"
          },
           {
            "n": "三年级下",
            "v": "三年级下"
          },
          {
            "n": "四年级上",
            "v": "四年级上"
          },
           {
            "n": "四年级下",
            "v": "四年级下"
          },
          {
            "n": "五年级上",
            "v": "五年级上"
          },
          {
            "n": "五年级下",
            "v": "五年级下"
          },
          {
            "n": "六年级上",
            "v": "六年级上"
          },
          {
            "n": "六年级下",
            "v": "六年级下"
          }
         ]
      },
      {
        "key": "duration",
        "name": "时长",
        "value": [
          {
            "n": "1000分钟以上",
            "v": "4"
          },
          {
            "n": "500~1000分钟",
            "v": "3"
          },
          {
            "n": "100~500分钟",
            "v": "2"
          },
          {
            "n": "100分钟以下",
            "v": "1"
          },
          {
            "n": "全部",
            "v": "0"
          }
        ]
      }
    ], 
    "动物世界": [
      {
        "key": "duration",
        "name": "时长",
        "value": [
          {
            "n": "60分钟以上",
            "v": "4"
          },
          {
            "n": "30~60分钟",
            "v": "3"
          },
          {
            "n": "10~30分钟",
            "v": "2"
          },
          {
            "n": "10分钟以下",
            "v": "1"
          },
          {
            "n": "全部",
            "v": "0"
          }
        ]
      }
    ],
    "戏曲": [
      {
        "key": "tid",
        "name": "分类",
        "value": [
          {
            "n": "全部",
            "v": "戏曲"
          },
          {
            "n": "京剧",
            "v": "京剧"
          },
          {
            "n": "越剧",
            "v": "越剧"
          },
          {
            "n": "黄梅戏",
            "v": "黄梅戏"
          },
          {
            "n": "评剧",
            "v": "评剧"
          },
          {
            "n": "豫剧",
            "v": "豫剧"
          },
          {
            "n": "昆曲",
            "v": "昆曲"
          },
          {
            "n": "高腔",
            "v": "高腔"
          },
          {
            "n": "梆子腔",
            "v": "梆子腔"
          },
          {
            "n": "河北梆子",
            "v": "河北梆子"
          },
          {
            "n": "晋剧",
            "v": "晋剧"
          },
          {
            "n": "蒲剧",
            "v": "蒲剧"
          },
          {
            "n": "雁剧",
            "v": "雁剧"
          },
          {
            "n": "上党梆子",
            "v": "上党梆子"
          },
          {
            "n": "秦腔",
            "v": "秦腔"
          },
          {
            "n": "武安平调",
            "v": "武安平调"
          },
          {
            "n": "二人台",
            "v": "二人台"
          },
          {
            "n": "吉剧",
            "v": "吉剧"
          },
          {
            "n": "龙江剧",
            "v": "龙江剧"
          },
          {
            "n": "越调",
            "v": "越调"
          },
          {
            "n": "河南曲剧",
            "v": "河南曲剧"
          },
          {
            "n": "山东梆子",
            "v": "山东梆子"
          },
          {
            "n": "淮剧",
            "v": "淮剧"
          },
          {
            "n": "沪剧",
            "v": "沪剧"
          },
          {
            "n": "滑稽戏",
            "v": "滑稽戏"
          },
          {
            "n": "婺剧",
            "v": "婺剧"
          },
          {
            "n": "绍剧",
            "v": "绍剧"
          },
          {
            "n": "徽剧",
            "v": "徽剧"
          },
          {
            "n": "闽剧",
            "v": "闽剧"
          },
          {
            "n": "莆仙戏",
            "v": "莆仙戏"
          },
          {
            "n": "梨园戏",
            "v": "梨园戏"
          },
          {
            "n": "高甲戏",
            "v": "高甲戏"
          },
          {
            "n": "赣剧",
            "v": "赣剧"
          },
          {
            "n": "采茶戏",
            "v": "采茶戏"
          },
          {
            "n": "汉剧",
            "v": "汉剧"
          },
          {
            "n": "湘剧",
            "v": "湘剧"
          },
          {
            "n": "祁剧",
            "v": "祁剧"
          },
          {
            "n": "湖南花鼓戏",
            "v": "湖南花鼓戏"
          },
          {
            "n": "粤剧",
            "v": "粤剧"
          },
          {
            "n": "潮剧",
            "v": "潮剧"
          },
          {
            "n": "桂剧",
            "v": "桂剧"
          },
          {
            "n": "彩调",
            "v": "彩调"
          },
          {
            "n": "壮剧",
            "v": "壮剧"
          },
          {
            "n": "川剧",
            "v": "川剧"
          },
          {
            "n": "黔剧",
            "v": "黔剧"
          },
          {
            "n": "滇剧",
            "v": "滇剧"
          },
          {
            "n": "傣剧",
            "v": "傣剧"
          },
          {
            "n": "藏剧",
            "v": "藏剧"
          },
          {
            "n": "皮影戏",
            "v": "皮影戏"
          }
        ]
      },
      {
        "key": "duration",
        "name": "时长",
        "value": [
          {
            "n": "60分钟以上",
            "v": "4"
          },
          {
            "n": "30~60分钟",
            "v": "3"
          },
          {
            "n": "10~30分钟",
            "v": "2"
          },
          {
            "n": "10分钟以下",
            "v": "1"
          },
          {
            "n": "全部",
            "v": "0"
          }
        ]
      }
    ],
    "公开课": [
          {
        "key": "tid",
        "name": "分类",
        "value": [
        {
            "n": "历史",
            "v": "历史"
          },
          {
            "n": "小学奥数",
            "v": "小学奥数"
          },
         {
            "n": "物理",
            "v": "物理"
          },
          {
            "n": "化学",
            "v": "化学"
          },
          {
            "n": "宇宙",
            "v": "宇宙"
          },
          {
            "n": "生物",
            "v": "生物"
          },
           {
            "n": "计算机",
            "v": "计算机"
          },
           {
            "n": "编程",
            "v": "编程"
          },
          {
            "n": "科技",
            "v": "科技"
          },
          {
            "n": "教育",
            "v": "教育"
          },
          {
            "n": "哲学",
            "v": "哲学"
          },
          {
            "n": "人生",
            "v": "人生"
          },
          {
            "n": "百家",
            "v": "百家"
          },
          {
            "n": "军事",
            "v": "军事"
          }
        ]
      },
      {
        "key": "duration",
        "name": "时长",
        "value": [
          {
            "n": "60分钟以上",
            "v": "4"
          },
          {
            "n": "30~60分钟",
            "v": "3"
          },
          {
            "n": "10~30分钟",
            "v": "2"
          },
          {
            "n": "10分钟以下",
            "v": "1"
          },
          {
            "n": "全部",
            "v": "0"
          }
        ]
      }
    ],
     "记录片": [
      {
        "key": "duration",
        "name": "时长",
        "value": [
          {
            "n": "60分钟以上",
            "v": "4"
          },
          {
            "n": "30~60分钟",
            "v": "3"
          },
          {
            "n": "10~30分钟",
            "v": "2"
          },
          {
            "n": "10分钟以下",
            "v": "1"
          },
          {
            "n": "全部",
            "v": "0"
          }
        ]
      }
    ],
    "演唱会": [
      {
        "key": "tid",
        "name": "分类",
        "value": [
          {
            "n": "全部",
            "v": "演唱会"
          },
          {
            "n": "周杰伦",
            "v": "周杰伦"
          },
          {
            "n": "陈奕迅",
            "v": "陈奕迅"
          },
          {
            "n": "Beyond",
            "v": "Beyond"
          },
          {
            "n": "刘德华",
            "v": "刘德华"
          },
          {
            "n": "陈惠琳",
            "v": "陈惠琳"
          },
          {
            "n": "张学友",
            "v": "张学友"
          },
          {
            "n": "黎明",
            "v": "黎明"
          },
          {
            "n": "李宗盛",
            "v": "李宗盛"
          },
          {
            "n": "邓丽君",
            "v": "邓丽君"
          },
          {
            "n": "朴树",
            "v": "朴树"
          },
          {
            "n": "蔡淳佳",
            "v": "蔡淳佳"
          },
          {
            "n": "任贤齐",
            "v": "任贤齐"
          },
          {
            "n": "张信哲",
            "v": "张信哲"
          },
          {
            "n": "孙楠",
            "v": "孙楠"
          },
          {
            "n": "张宇",
            "v": "张宇"
          },
          {
            "n": "周华健",
            "v": "周华健"
          },
          {
            "n": "蔡依林",
            "v": "蔡依林"
          },
          {
            "n": "薛之谦",
            "v": "薛之谦"
          },
          {
            "n": "雷婷",
            "v": "雷婷"
          },
          {
            "n": "初音未来",
            "v": "初音未来"
          },
          {
            "n": "许嵩",
            "v": "许嵩"
          },
          {
            "n": "戴佩妮",
            "v": "戴佩妮"
          },
          {
            "n": "邓紫棋",
            "v": "邓紫棋"
          },
          {
            "n": "张韶涵",
            "v": "张韶涵"
          },
          {
            "n": "蔡健雅",
            "v": "蔡健雅"
          },
          {
            "n": "莫文蔚",
            "v": "莫文蔚"
          },
          {
            "n": "刘若英",
            "v": "刘若英"
          },
          {
            "n": "周深",
            "v": "周深"
          },
          {
            "n": "毛不易",
            "v": "毛不易"
          },
          {
            "n": "汪苏泷",
            "v": "汪苏泷"
          },
          {
            "n": "李宇春",
            "v": "李宇春"
          },
          {
            "n": "徐佳莹",
            "v": "徐佳莹"
          },
          {
            "n": "杨宗纬",
            "v": "杨宗纬"
          },
          {
            "n": "胡彦斌",
            "v": "胡彦斌"
          },
          {
            "n": "杨千嬅",
            "v": "杨千嬅"
          },
          {
            "n": "张靓颖",
            "v": "张靓颖"
          },
          {
            "n": "李荣浩",
            "v": "李荣浩"
          },
          {
            "n": "杨丞琳",
            "v": "杨丞琳"
          },
          {
            "n": "林志炫",
            "v": "林志炫"
          },
          {
            "n": "陶喆",
            "v": "陶喆"
          },
          {
            "n": "胡夏",
            "v": "胡夏"
          },
          {
            "n": "李玉刚",
            "v": "李玉刚"
          },
          {
            "n": "弦子",
            "v": "弦子"
          },
          {
            "n": "陈小春",
            "v": "陈小春"
          },
          {
            "n": "萧亚轩",
            "v": "萧亚轩"
          },
          {
            "n": "鹿晗",
            "v": "鹿晗"
          },
          {
            "n": "纵贯线",
            "v": "纵贯线"
          },
          {
            "n": "许巍",
            "v": "许巍"
          },
          {
            "n": "林俊杰",
            "v": "林俊杰"
          },
          {
            "n": "赵雷",
            "v": "赵雷"
          },
          {
            "n": "谭咏麟",
            "v": "谭咏麟"
          },
          {
            "n": "凤凰传奇",
            "v": "凤凰传奇"
          },
          {
            "n": "容祖儿",
            "v": "容祖儿"
          },
          {
            "n": "周传雄",
            "v": "周传雄"
          },
          {
            "n": "SHE",
            "v": "SHE"
          },
          {
            "n": "苏打绿",
            "v": "苏打绿"
          },
          {
            "n": "五月天",
            "v": "五月天"
          },
          {
            "n": "张国荣",
            "v": "张国荣"
          },
          {
            "n": "梅艳芳",
            "v": "梅艳芳"
          },
          {
            "n": "孙燕姿",
            "v": "孙燕姿"
          },
          {
            "n": "李健",
            "v": "李健"
          },
          {
            "n": "华晨宇",
            "v": "华晨宇"
          },
          {
            "n": "袁娅维",
            "v": "袁娅维"
          },
          {
            "n": "大张伟",
            "v": "大张伟"
          },
          {
            "n": "TFBOYS",
            "v": "TFBOYS"
          },
          {
            "n": "王俊凯",
            "v": "王俊凯"
          },
          {
            "n": "易烊千玺",
            "v": "易烊千玺"
          },
          {
            "n": "王源",
            "v": "王源"
          },
          {
            "n": "田馥甄",
            "v": "田馥甄"
          },
          {
            "n": "小虎队",
            "v": "小虎队"
          },
          {
            "n": "张杰",
            "v": "张杰"
          },
          {
            "n": "王菲",
            "v": "王菲"
          },
          {
            "n": "伍佰",
            "v": "伍佰"
          },
          {
            "n": "刀郎",
            "v": "刀郎"
          },
          {
            "n": "草蜢",
            "v": "草蜢"
          },
          {
            "n": "潘玮柏",
            "v": "潘玮柏"
          },
          {
            "n": "梁静茹",
            "v": "梁静茹"
          },
          {
            "n": "林宥嘉",
            "v": "林宥嘉"
          },
          {
            "n": "蔡徐坤",
            "v": "蔡徐坤"
          },
          {
            "n": "周慧敏",
            "v": "周慧敏"
          },
          {
            "n": "李圣杰",
            "v": "李圣杰"
          },
          {
            "n": "张惠妹",
            "v": "张惠妹"
          },
          {
            "n": "萧敬腾",
            "v": "萧敬腾"
          },
          {
            "n": "周笔畅",
            "v": "周笔畅"
          },
          {
            "n": "焦迈奇",
            "v": "焦迈奇"
          },
          {
            "n": "尤长靖",
            "v": "尤长靖"
          },
          {
            "n": "郑中基",
            "v": "郑中基"
          },
          {
            "n": "谭维维",
            "v": "谭维维"
          },
          {
            "n": "陈慧娴",
            "v": "陈慧娴"
          },
          {
            "n": "张艺兴",
            "v": "张艺兴"
          },
          {
            "n": "王嘉尔",
            "v": "王嘉尔"
          },
          {
            "n": "刘宪华",
            "v": "刘宪华"
          },
          {
            "n": "张敬轩",
            "v": "张敬轩"
          },
          {
            "n": "李克勤",
            "v": "李克勤"
          },
          {
            "n": "阿杜",
            "v": "阿杜"
          },
          {
            "n": "郭静",
            "v": "郭静"
          },
          {
            "n": "崔健",
            "v": "崔健"
          },
          {
            "n": "庾澄庆",
            "v": "庾澄庆"
          },
          {
            "n": "汪峰",
            "v": "汪峰"
          },
          {
            "n": "那英",
            "v": "那英"
          },
          {
            "n": "杨坤",
            "v": "杨坤"
          },
          {
            "n": "叶倩文",
            "v": "叶倩文"
          },
          {
            "n": "王心凌",
            "v": "王心凌"
          },
          {
            "n": "张震岳",
            "v": "张震岳"
          },
          {
            "n": "韩红",
            "v": "韩红"
          },
          {
            "n": "齐秦",
            "v": "齐秦"
          },
          {
            "n": "张雨生",
            "v": "张雨生"
          },
          {
            "n": "黄品源",
            "v": "黄品源"
          },
          {
            "n": "林忆莲",
            "v": "林忆莲"
          },
          {
            "n": "丁当",
            "v": "丁当"
          },
          {
            "n": "郑智化",
            "v": "郑智化"
          },
          {
            "n": "李玟",
            "v": "李玟"
          },
          {
            "n": "谢霆锋",
            "v": "谢霆锋"
          },
          {
            "n": "黄小琥",
            "v": "黄小琥"
          },
          {
            "n": "徐小凤",
            "v": "徐小凤"
          },
          {
            "n": "任嘉伦",
            "v": "任嘉伦"
          },
          {
            "n": "卓依婷",
            "v": "卓依婷"
          },
          {
            "n": "逃跑计划",
            "v": "逃跑计划"
          },
          {
            "n": "青鸟飞鱼",
            "v": "青鸟飞鱼"
          },
          {
            "n": "飞儿乐队",
            "v": "飞儿乐队"
          },
          {
            "n": "花儿乐队",
            "v": "花儿乐队"
          },
          {
            "n": "南拳妈妈",
            "v": "南拳妈妈"
          },
          {
            "n": "水木年华",
            "v": "水木年华"
          },
          {
            "n": "动力火车",
            "v": "动力火车"
          },
          {
            "n": "筷子兄弟",
            "v": "筷子兄弟"
          },
          {
            "n": "鹿先森乐队",
            "v": "鹿先森乐队"
          },
          {
            "n": "信乐队",
            "v": "信乐队"
          },
          {
            "n": "旅行团乐队",
            "v": "旅行团乐队"
          },
          {
            "n": "By2",
            "v": "By2"
          },
          {
            "n": "郁可唯",
            "v": "郁可唯"
          },
          {
            "n": "宋亚森",
            "v": "宋亚森"
          },
          {
            "n": "费玉清",
            "v": "费玉清"
          },
          {
            "n": "费翔",
            "v": "费翔"
          },
          {
            "n": "金志文",
            "v": "金志文"
          },
          {
            "n": "黄家强",
            "v": "黄家强"
          },
          {
            "n": "方大同",
            "v": "方大同"
          },
          {
            "n": "吴克群",
            "v": "吴克群"
          },
          {
            "n": "罗大佑",
            "v": "罗大佑"
          },
          {
            "n": "光良",
            "v": "光良"
          },
          {
            "n": "田震",
            "v": "田震"
          },
          {
            "n": "凤飞飞",
            "v": "凤飞飞"
          },
          {
            "n": "谭晶",
            "v": "谭晶"
          },
          {
            "n": "王杰",
            "v": "王杰"
          },
          {
            "n": "羽泉",
            "v": "羽泉"
          },
          {
            "n": "金池",
            "v": "金池"
          },
          {
            "n": "屠洪刚",
            "v": "屠洪刚"
          },
          {
            "n": "戴荃",
            "v": "戴荃"
          },
          {
            "n": "郭采洁",
            "v": "郭采洁"
          },
          {
            "n": "罗志祥",
            "v": "罗志祥"
          },
          {
            "n": "王力宏",
            "v": "王力宏"
          },
          {
            "n": "林肯公园",
            "v": "林肯公园"
          },
          {
            "n": "迈克尔杰克逊",
            "v": "迈克尔杰克逊"
          },
          {
            "n": "泰勒·斯威夫特",
            "v": "泰勒·斯威夫特"
          },
          {
            "n": "林肯公园",
            "v": "林肯公园"
          },
          {
            "n": "阿黛尔",
            "v": "阿黛尔"
          },
          {
            "n": "BIGBANG",
            "v": "BIGBANG"
          },
          {
            "n": "Lady Gaga",
            "v": "Lady Gaga"
          },
          {
            "n": "贾斯丁比伯",
            "v": "贾斯丁比伯"
          },
          {
            "n": "中岛美雪",
            "v": "中岛美雪"
          },
          {
            "n": "仓木麻衣",
            "v": "仓木麻衣"
          },
          {
            "n": "后街男孩",
            "v": "后街男孩"
          },
          {
            "n": "布兰妮",
            "v": "布兰妮"
          },
          {
            "n": "夜愿乐队",
            "v": "夜愿乐队"
          }
        ]
      },
      {
        "key": "duration",
        "name": "时长",
        "value": [
          {
            "n": "60分钟以上",
            "v": "4"
          },
          {
            "n": "30~60分钟",
            "v": "3"
          },
          {
            "n": "10~30分钟",
            "v": "2"
          },
          {
            "n": "10分钟以下",
            "v": "1"
          },
          {
            "n": "全部",
            "v": "0"
          }
        ]
      }
    ]
  }
}