{

  "classes": [
    {
      "type_name": "奥数",
      "type_id": "奥数"
    },
    {
      "type_name": "作文",
      "type_id": "作文"
    },
    {
      "type_name": "外研社英语",
      "type_id": "外研社"
    },
    {
      "type_name": "部编版数学",
      "type_id": "部编版数学"
    },
    {
      "type_name": "部编版语文",
      "type_id": "部编版语文"
    },
     {
      "type_name": "六年级",
      "type_id": "六年级"
    },
    {
      "type_name": "初三",
      "type_id": "初三"
    },
    {
      "type_name": "photoshop",
      "type_id": "photoshop"
    },
    {
      "type_name": "编程",
      "type_id": "编程"
    },
  {
      "type_name": "office",
      "type_id": "office"
    },
   {
      "type_name": "股票",
      "type_id": "股票"
    },
    {
      "type_name": "辅导班",
      "type_id": "辅导班"
    },
    {
      "type_name": "纪录片",
      "type_id": "纪录片"
    },
  {
      "type_name": "公开课",
      "type_id": "公开课"
    },
   {
      "type_name": "儿童",
      "type_id": "儿童"
    }
  ],
  "filter": {
     "奥数": [
      {"key": "order","name": "排序","value": [
{"n": "综合排序","v": "0"},
{"n": "最多点击","v": "click"},
{"n": "最新发布","v": "pubdate"},
{"n": "最多弹幕","v": "dm"},
{"n": "最多收藏","v": "stow"}
]
},
      {
        "key": "tid",
        "name": "分类",
        "value": [
          {
            "n": "全部",
            "v": "奥数"
          },
          {
            "n": "举一反三",
            "v": "奥数举一反三"
          },
          {
            "n": "五年级举一反三",
            "v": "小学奥数举一反三5年级"
          },
          {
            "n": "六年级举一反",
            "v": "小学奥数举一反三 六年级"
          },
          {
            "n": "五年级",
            "v": "五年级奥数"
          },
          {
            "n": "六年级",
            "v": "六年级奥数"
          },
          {
            "n": "一点就通",
            "v": "奥数一点就通"
          },
          {
            "n": "思维训练",
            "v": "奥数思维训练"
          },
          {
            "n": "培优",
            "v": "奥数培优"
          },
           {
            "n": "学霸课堂",
            "v": "奥数学霸课堂"
          },
          {
            "n": "跟我学",
            "v": "跟我学奥数"
          },
          {
            "n": "阶梯",
            "v": "奥数阶梯"
          }
        ]
      },
      {
        "key": "duration",
        "name": "时长",
        "value": [
          {
            "n": "100分钟以上",
            "v": "4"
          },
          {
            "n": "50~100分钟",
            "v": "3"
          },
          {
            "n": "10~30分钟",
            "v": "2"
          },
          {
            "n": "10分钟以下",
            "v": "1"
          },
          {
            "n": "全部",
            "v": "0"
          }
        ]
      }
    ],
     "六年级": [
      {"key": "order","name": "排序","value": [
{"n": "综合排序","v": "0"},
{"n": "最多点击","v": "click"},
{"n": "最新发布","v": "pubdate"},
{"n": "最多弹幕","v": "dm"},
{"n": "最多收藏","v": "stow"}
]
},
      {
        "key": "tid",
        "name": "分类",
        "value": [
          {
            "n": "全部",
            "v": "六年级"
          },
          {
            "n": "重点难点",
            "v": "六年级重点难点"
          },
          {
            "n": "提分",
            "v": "六年级提分"
          },
          {
            "n": "高分思维",
            "v": "六年级高分思维"
          },
          {
            "n": "模型",
            "v": "六年级模型"
          },
          {
            "n": "学霸笔记",
            "v": "六年级学霸笔记"
          },
          {
            "n": "思维导图",
            "v": "六年级思维导图"
          },
          {
            "n": "黄岗名师",
            "v": "六年级黄岗名师"
          },
          {
            "n": "基础知识",
            "v": "六年级基础知识"
          },
          {
            "n": "复习",
            "v": "六年级复习"
          },
          {
            "n": "一课一练",
            "v": "六年级一课一练"
          }
        ]
      },
      {
        "key": "duration",
        "name": "时长",
        "value": [
          {
            "n": "100分钟以上",
            "v": "4"
          },
          {
            "n": "50~100分钟",
            "v": "3"
          },
          {
            "n": "10~30分钟",
            "v": "2"
          },
          {
            "n": "10分钟以下",
            "v": "1"
          },
          {
            "n": "全部",
            "v": "0"
          }
        ]
      }
    ],
     "辅导班": [
      {"key": "order","name": "排序","value": [
{"n": "综合排序","v": "0"},
{"n": "最多点击","v": "click"},
{"n": "最新发布","v": "pubdate"},
{"n": "最多弹幕","v": "dm"},
{"n": "最多收藏","v": "stow"}
]
},
      {
        "key": "tid",
        "name": "分类",
        "value": [
          {
            "n": "全部",
            "v": "辅导班"
          },
          {
            "n": "作业帮",
            "v": "作业帮"
          },
          {
            "n": "猿辅导",
            "v": "猿辅导"
          },
          {
            "n": "少儿编程",
            "v": "少儿编程"
          },
          {
            "n": "新东方",
            "v": "新东方"
          },
          {
            "n": "学而思",
            "v": "学而思"
          },
          {
            "n": "沪江",
            "v": "沪江"
          },
          {
            "n": "尚德机构",
            "v": "尚德机构"
          },
          {
            "n": "101网校",
            "v": "101网校"
          },
          {
            "n": "51talk",
            "v": "51talk"
          },
          {
            "n": "邢帅教育",
            "v": "邢帅教育"
          }
        ]
      },
      {
        "key": "duration",
        "name": "时长",
        "value": [
          {
            "n": "100分钟以上",
            "v": "4"
          },
          {
            "n": "50~100分钟",
            "v": "3"
          },
          {
            "n": "10~30分钟",
            "v": "2"
          },
          {
            "n": "10分钟以下",
            "v": "1"
          },
          {
            "n": "全部",
            "v": "0"
          }
        ]
      }
    ],
    "儿童": [
      {"key": "order","name": "排序","value": [
{"n": "综合排序","v": "0"},
{"n": "最多点击","v": "click"},
{"n": "最新发布","v": "pubdate"},
{"n": "最多弹幕","v": "dm"},
{"n": "最多收藏","v": "stow"}
]
},
      {
        "key": "tid",
        "name": "分类",
        "value": [
          {
            "n": "全部",
            "v": "儿童"
          },
          {
            "n": "教育",
            "v": "儿童教育"
          },
           {
            "n": "歌曲",
            "v": "儿童歌曲"
          },
          {
            "n": "舞蹈",
            "v": "儿童舞蹈"
          },         
          {
            "n": "广播体操",
            "v": "广播体操"
          },
          {
            "n": "眼保健操",
            "v": "眼保健操"
          },
          {
            "n": "成语故事",
            "v": "儿童成语故事"
          },
          {
            "n": "音乐",
            "v": "儿童音乐"
          },
          {
            "n": "儿童MV",
            "v": "儿童MV"
          },
          {
            "n": "绘画",
            "v": "儿童绘画"
          },
          {
            "n": "演出",
            "v": "儿童演出"
          },
          {
            "n": "儿童好声音",
            "v": "儿童好声音"
          }
        ]
      },
      {
        "key": "duration",
        "name": "时长",
        "value": [
          {
            "n": "60分钟以上",
            "v": "4"
          },
          {
            "n": "30~60分钟",
            "v": "3"
          },
          {
            "n": "10~30分钟",
            "v": "2"
          },
          {
            "n": "10分钟以下",
            "v": "1"
          },
          {
            "n": "全部",
            "v": "0"
          }
        ]
      }
    ], 
    "外研社": [
     {"key": "order","name": "排序","value": [
{"n": "综合排序","v": "0"},
{"n": "最多点击","v": "click"},
{"n": "最新发布","v": "pubdate"},
{"n": "最多弹幕","v": "dm"},
{"n": "最多收藏","v": "stow"}
]
},
      {
        "key": "tid",
        "name": "分类",
        "value": [
          {
            "n": "全部",
            "v": "外研社"
          },
          {
            "n": "三年级上",
            "v": "外研社三年级上"
          },
           {
            "n": "三年级下",
            "v": "外研社三年级下"
          },
          {
            "n": "四年级上",
            "v": "外研社四年级上"
          },
           {
            "n": "四年级下",
            "v": "外研社四年级下"
          },
          {
            "n": "五年级上",
            "v": "外研社五年级上"
          },
          {
            "n": "五年级下",
            "v": "外研社五年级下"
          },
          {
            "n": "六年级上",
            "v": "外研社六年级上"
          },
          {
            "n": "六年级下",
            "v": "外研社六年级下"
          }
                  ]
      },
      {
        "key": "duration",
        "name": "时长",
        "value": [
          {
            "n": "1000分钟以上",
            "v": "4"
          },
          {
            "n": "500~1000分钟",
            "v": "3"
          },
          {
            "n": "100~500分钟",
            "v": "2"
          },
          {
            "n": "100分钟以下",
            "v": "1"
          },
          {
            "n": "全部",
            "v": "0"
          }
        ]
      }
    ], 
       "部编版数学": [
         {"key": "order","name": "排序","value": [
{"n": "综合排序","v": "0"},
{"n": "最多点击","v": "click"},
{"n": "最新发布","v": "pubdate"},
{"n": "最多弹幕","v": "dm"},
{"n": "最多收藏","v": "stow"}
]
},
          {
        "key": "tid",
        "name": "分类",
        "value": [
          {
            "n": "全部",
            "v": "部编版数学"
          },
               {
            "n": "一年级上",
            "v": "部编版数学一年级上"
          },
           {
            "n": "一年级下",
            "v": "部编版数学一年级下"
          },
          {
            "n": "二年级上",
            "v": "部编版数学二年级上"
          },
           {
            "n": "二年级下",
            "v": "部编版数学二年级下"
          },
          {
            "n": "三年级上",
            "v": "部编版数学三年级上"
          },
           {
            "n": "三年级下",
            "v": "部编版数学三年级下"
          },
          {
            "n": "四年级上",
            "v": "部编版数学四年级上"
          },
           {
            "n": "四年级下",
            "v": "部编版数学四年级下"
          },
          {
            "n": "五年级上",
            "v": "部编版数学五年级上"
          },
          {
            "n": "五年级下",
            "v": "部编版数学五年级下"
          },
          {
            "n": "六年级上",
            "v": "部编版数学六年级上"
          },
          {
            "n": "六年级下",
            "v": "部编版数学六年级下"
          },
          {
            "n": "初三",
            "v": "部编版数学初三"
          }
                  ]
      },
      {
        "key": "duration",
        "name": "时长",
        "value": [
          {
            "n": "1000分钟以上",
            "v": "4"
          },
          {
            "n": "500~1000分钟",
            "v": "3"
          },
          {
            "n": "100~500分钟",
            "v": "2"
          },
          {
            "n": "100分钟以下",
            "v": "1"
          },
          {
            "n": "全部",
            "v": "0"
          }
        ]
      }
    ], 
     "部编版语文": [
        {"key": "order","name": "排序","value": [
{"n": "综合排序","v": "0"},
{"n": "最多点击","v": "click"},
{"n": "最新发布","v": "pubdate"},
{"n": "最多弹幕","v": "dm"},
{"n": "最多收藏","v": "stow"}
]
},
        {
        "key": "tid",
        "name": "分类",
        "value": [
          {
            "n": "全部",
            "v": "部编版语文"
          },
           {
            "n": "一年级上",
            "v": "部编版语文一年级上"
          },
           {
            "n": "一年级下",
            "v": "部编版语文一年级下"
          },
          {
            "n": "二年级上",
            "v": "部编版语文二年级上"
          },
           {
            "n": "二年级下",
            "v": "部编版语文二年级下"
          },
          {
            "n": "三年级上",
            "v": "部编版语文三年级上"
          },
           {
            "n": "三年级下",
            "v": "部编版语文三年级下"
          },
          {
            "n": "四年级上",
            "v": "部编版语文四年级上"
          },
           {
            "n": "四年级下",
            "v": "部编版语文四年级下"
          },
          {
            "n": "五年级上",
            "v": "部编版语文五年级上"
          },
          {
            "n": "五年级下",
            "v": "部编版语文五年级下"
          },
          {
            "n": "六年级上",
            "v": "部编版语文六年级上"
          },
          {
            "n": "六年级下",
            "v": "部编版语文六年级下"
          },
          {
            "n": "初三",
            "v": "部编版语文初三"
          }
         ]
      },
      {
        "key": "duration",
        "name": "时长",
        "value": [
          {
            "n": "1000分钟以上",
            "v": "4"
          },
          {
            "n": "500~1000分钟",
            "v": "3"
          },
          {
            "n": "100~500分钟",
            "v": "2"
          },
          {
            "n": "100分钟以下",
            "v": "1"
          },
          {
            "n": "全部",
            "v": "0"
          }
        ]
      }
    ], 
    "编程": [
     {"key": "order","name": "排序","value": [
{"n": "综合排序","v": "0"},
{"n": "最多点击","v": "click"},
{"n": "最新发布","v": "pubdate"},
{"n": "最多弹幕","v": "dm"},
{"n": "最多收藏","v": "stow"}
]
},
      {
        "key": "tid",
        "name": "分类",
        "value": [
          {
            "n": "全部",
            "v": "编程"
          },
          {
            "n": "python",
            "v": "python"
          },
          {
            "n": "basic",
            "v": "basic"
          },
          {
            "n": "c++",
            "v": "c++"
          },
          {
            "n": "xpath",
            "v": "xpath"
          },
          {
            "n": "少儿编程",
            "v": "少儿编程"
          },
          {
            "n": "Java",
            "v": "Java"
          }
        ]
      },
      {
        "key": "duration",
        "name": "时长",
        "value": [
          {
            "n": "500分钟以上",
            "v": "4"
          },
          {
            "n": "300~500分钟",
            "v": "3"
          },
          {
            "n": "100~300分钟",
            "v": "2"
          },
          {
            "n": "100分钟以下",
            "v": "1"
          },
          {
            "n": "全部",
            "v": "0"
          }
        ]
      }
    ],
     "股票": [
     {"key": "order","name": "排序","value": [
{"n": "综合排序","v": "0"},
{"n": "最多点击","v": "click"},
{"n": "最新发布","v": "pubdate"},
{"n": "最多弹幕","v": "dm"},
{"n": "最多收藏","v": "stow"}
]
},
      {
        "key": "tid",
        "name": "分类",
        "value": [
          {
            "n": "全部",
            "v": "股票"
          },
          {
            "n": "经传",
            "v": "股票经传"
          },
          {
            "n": "筹码",
            "v": "股票筹码"
          },
          {
            "n": "成交量",
            "v": "股票成交量"
          },
          {
            "n": "K线",
            "v": "K线"
          },
          {
            "n": "量化",
            "v": "股票量化交易"
          },
          {
            "n": "缠论",
            "v": "缠论"
          },
          {
            "n": "涨停",
            "v": "股票涨停"
          },
          {
            "n": "背离",
            "v": "股票背离"
          },
          {
            "n": "量学",
            "v": "黑马王子量学"
          }
        ]
      },
      {
        "key": "duration",
        "name": "时长",
        "value": [
          {
            "n": "500分钟以上",
            "v": "4"
          },
          {
            "n": "300~500分钟",
            "v": "3"
          },
          {
            "n": "100~300分钟",
            "v": "2"
          },
          {
            "n": "100分钟以下",
            "v": "1"
          },
          {
            "n": "全部",
            "v": "0"
          }
        ]
      }
    ],
    "作文": [
      {"key": "order","name": "排序","value": [
{"n": "综合排序","v": "0"},
{"n": "最多点击","v": "click"},
{"n": "最新发布","v": "pubdate"},
{"n": "最多弹幕","v": "dm"},
{"n": "最多收藏","v": "stow"}
]
},
      {
        "key": "tid",
        "name": "分类",
        "value": [
          {
            "n": "全部",
            "v": "作文"
          },
          {
            "n": "一年级",
            "v": "一年级作文"
          },
          {
            "n": 二年级",
            "v": "二年级作文"
          },
          {
            "n": "三年级",
            "v": "三年级作文"
          },
          {
            "n": "四年级",
            "v": "四年级作文"
          },
          {
            "n": "五年级",
            "v": "五年级作文"
          },
          {
            "n": "六年级",
            "v": "六年级作文"
          }
        ]
      },
      {
        "key": "duration",
        "name": "时长",
        "value": [
          {
            "n": "300分钟以上",
            "v": "4"
          },
          {
            "n": "100~300分钟",
            "v": "3"
          },
          {
            "n": "30~100分钟",
            "v": "2"
          },
          {
            "n": "30分钟以下",
            "v": "1"
          },
          {
            "n": "全部",
            "v": "0"
          }
        ]
      }
    ],
          "初三": [
     {"key": "order","name": "排序","value": [
{"n": "综合排序","v": "0"},
{"n": "最多点击","v": "click"},
{"n": "最新发布","v": "pubdate"},
{"n": "最多弹幕","v": "dm"},
{"n": "最多收藏","v": "stow"}
]
},
      {
        "key": "tid",
        "name": "分类",
        "value": [
          {
            "n": "全部",
            "v": "初三"
          },
          {
            "n": "中考",
            "v": "中考"
          },
          {
            "n": "语文",
            "v": "初三语文"
          },
          {
            "n": "数学",
            "v": "初三数学"
          },
          {
            "n": "物理",
            "v": "初三物理"
          },
          {
            "n": "化学",
            "v": "初三化学"
          },
          {
            "n": "历史",
            "v": "初三历史"
          },
           {
            "n": "生物",
            "v": "初三生物"
          },
           {
            "n": "地理",
            "v": "初三地理"
          },
          {
            "n": "政治",
            "v": "初三政治"
          }
        ]
      },
      {
        "key": "duration",
        "name": "时长",
        "value": [
          {
            "n": "500分钟以上",
            "v": "4"
          },
          {
            "n": "300~500分钟",
            "v": "3"
          },
          {
            "n": "100~300分钟",
            "v": "2"
          },
          {
            "n": "100分钟以下",
            "v": "1"
          },
          {
            "n": "全部",
            "v": "0"
          }
        ]
      }
    ],
    "公开课": [
        {"key": "order","name": "排序","value": [
{"n": "综合排序","v": "0"},
{"n": "最多点击","v": "click"},
{"n": "最新发布","v": "pubdate"},
{"n": "最多弹幕","v": "dm"},
{"n": "最多收藏","v": "stow"}
]
},
          {
        "key": "tid",
        "name": "分类",
        "value": [
        {
            "n": "历史",
            "v": "历史"
          },
          {
            "n": "地理",
            "v": "地理"
          },
          {
            "n": "太极拳",
            "v": "太极拳教学高清"
          },
           {
            "n": "跆拳道",
            "v": "跆拳道教学高清"
          },  
           {
            "n": "散打",
            "v": "散打教学高清"
          },           
         {
            "n": "物理",
            "v": "物理"
          },
          {
            "n": "化学",
            "v": "化学"
          },
          {
            "n": "超强记忆力",
            "v": "超强记忆力"
          },
          {
            "n": "提分王",
            "v": "提分王"
          },
          {
            "n": "宇宙",
            "v": "宇宙"
          },
          {
            "n": "生物",
            "v": "生物"
          },
           {
            "n": "计算机",
            "v": "计算机"
          },
           {
            "n": "编程",
            "v": "编程"
          },
          {
            "n": "科技",
            "v": "科技"
          },
          {
            "n": "教育",
            "v": "教育"
          },
          {
            "n": "哲学",
            "v": "哲学"
          },
          {
            "n": "人生",
            "v": "人生"
          },
          {
            "n": "百家",
            "v": "百家"
          },
          {
            "n": "军事",
            "v": "军事"
          }
        ]
      },
      {
        "key": "duration",
        "name": "时长",
        "value": [
          {
            "n": "60分钟以上",
            "v": "4"
          },
          {
            "n": "30~60分钟",
            "v": "3"
          },
          {
            "n": "10~30分钟",
            "v": "2"
          },
          {
            "n": "10分钟以下",
            "v": "1"
          },
          {
            "n": "全部",
            "v": "0"
          }
        ]
      }
    ],
     "记录片": [
     {"key": "order","name": "排序","value": [
{"n": "综合排序","v": "0"},
{"n": "最多点击","v": "click"},
{"n": "最新发布","v": "pubdate"},
{"n": "最多弹幕","v": "dm"},
{"n": "最多收藏","v": "stow"}
]
},
      {
        "key": "duration",
        "name": "时长",
        "value": [
          {
            "n": "60分钟以上",
            "v": "4"
          },
          {
            "n": "30~60分钟",
            "v": "3"
          },
          {
            "n": "10~30分钟",
            "v": "2"
          },
          {
            "n": "10分钟以下",
            "v": "1"
          },
          {
            "n": "全部",
            "v": "0"
          }
        ]
      }
    ],
    "office": [
     {"key": "order","name": "排序","value": [
{"n": "综合排序","v": "0"},
{"n": "最多点击","v": "click"},
{"n": "最新发布","v": "pubdate"},
{"n": "最多弹幕","v": "dm"},
{"n": "最多收藏","v": "stow"}
]
},
      {
        "key": "tid",
        "name": "分类",
        "value": [
          {
            "n": "全部",
            "v": "office"
          },
          {
            "n": "word",
            "v": "word"
          },
          {
            "n": "excel",
            "v": "excel"
          },
          {
            "n": "ppt",
            "v": "ppt"
          },
          {
            "n": "powerpoint",
            "v": "powerpoint"
          },
          {
            "n": "wps",
            "v": "wps"
          },
          {
            "n": "windows",
            "v": "windows"
          },
          {
            "n": "internet",
            "v": "internet"
          },
          {
            "n": "数据库",
            "v": "数据库"
          }
          ]
      },
      {
        "key": "duration",
        "name": "时长",
        "value": [
          {
            "n": "60分钟以上",
            "v": "4"
          },
          {
            "n": "30~60分钟",
            "v": "3"
          },
          {
            "n": "10~30分钟",
            "v": "2"
          },
          {
            "n": "10分钟以下",
            "v": "1"
          },
          {
            "n": "全部",
            "v": "0"
          }
        ]
      }
    ]
  }
}