[
{"name":"ssili126酒店源","url":"https://ghproxy.net/https://raw.githubusercontent.com/ssili126/tv/main/itvlist.txt"},
{"name":"mlzlzjIPTV","url":"https://ghproxy.net/https://raw.githubusercontent.com/mlzlzj/IPTV/main/iptv_list.txt"},
{"name":"mlvjfchen","url":"https://ghproxy.net/https://raw.githubusercontent.com/mlvjfchen/TV/main/iptv_list.txt"},
{"name":"mlzlzjTV","url":"https://ghproxy.net/https://raw.githubusercontent.com/mlzlzj/hnyuan/main/iptv_list.txt"},
{"name":"Yoursmile","url":"https://agit.ai/Yoursmile7/TVBox/raw/branch/master/live.txt"},

{"name":"河南","url":"https://ghproxy.net/https://raw.githubusercontent.com/hujingguang/ChinaIPTV/main/cnTV_AutoUpdate.m3u8"},
{"name":"广东直播","url":"https://agit.ai/alanchaotang/if/raw/branch/main/LIVE/gzlive.txt"},
{"name":"全球直播","url":"https://agit.ai/alanchaotang/if/raw/branch/main/LIVE/全国直播源.m3u"},
{"name":"xhdwc.tk直播","url":"https://xhdwc.tk/tvlive.txt"},

{"name":"iptv-org直播","url":"https://iptv-org.github.io/iptv/languages/zho.m3u"},
{"name":"Meroser直播","url":"https://already.free.hr/Meroser/IPTV/blob/main/IPTV.m3u"},
{"name":"YanG-1989直播","url":"https://already.free.hr/YanG-1989/m3u/main/Gather.m3u"},
{"name":"OwenTV直播","url":"https://jihulab.com/owen2000wy/owentv/-/raw/main/HP20230319.txt"}  
]