{
  "sites": [
    {
      "key": "csp_Buka",
      "name": "真不卡(爬虫)",
      "type": 3,
      "api": "csp_Buka",
      "searchable": 0,
      "quickSearch": 0,
      "filterable": 1
    },
    {
      "key": "csp_77",
      "name": "77(爬虫)",
      "type": 3,
      "api": "csp_Kunyu77",
      "searchable": 1,
      "quickSearch": 1,
      "filterable": 1
    },
    {
      "key": "csp_kmys",
      "name": "酷猫影视(爬虫)",
      "type": 3,
      "api": "csp_Kmys",
      "searchable": 1,
      "quickSearch": 1,
      "filterable": 1
    },
    {
      "key": "csp_Enlienli",
      "name": "嗯哩嗯哩(爬虫)",
      "type": 3,
      "api": "csp_Enlienli",
      "searchable": 1,
      "quickSearch": 0,
      "filterable": 1
    },
    {
      "key": "csp_Nekk",
      "name": "9亿爬虫",
      "type": 3,
      "api": "csp_Nekk",
      "searchable": 1,
      "quickSearch": 0,
      "filterable": 1
    },
    {
      "key": "csp_xpath_猫群自维护源27",
      "name": "达达兔",
      "type": 3,
      "api": "csp_XPath",
      "searchable": 1,
      "quickSearch": 1,
      "filterable": 1,
      "ext": "https://pglblb.coding.net/p/maotv/d/js/git/raw/master/27-%E8%BE%BE%E8%BE%BE.js?download=false"
    },
    {
      "key": "csp_xpath_lib",
      "name": "LIBVIO(XP)",
      "type": 3,
      "api": "csp_XPathFilter",
      "searchable": 1,
      "quickSearch": 1,
      "filterable": 1,
      "ext": "https://rolf.coding.net/p/cat/d/cat/git/raw/master/libvo414.json?download=false"
    },
    {
      "key": "龙腾",
      "name": "龙腾",
      "type": 1,
      "api": "https://www.mczdyw.com/api.php/provide/vod/",
      "playUrl": "json:https://ltjx.jeeves.vip/home/api?type=ys&uid=1589472&key=aehjpzAHILOPQRU456&url=",
      "searchable": 1,
      "quickSearch": 1,
      "filterable": 0
    },
    {
      "key": "csp_XPathMacFilter_猫群自维护源16",
      "name": "VOD",
      "type": 3,
      "api": "csp_XPathMacFilter",
      "searchable": 1,
      "quickSearch": 1,
      "filterable": 1,
      "ext": "https://rolf.coding.net/p/cat/d/cat/git/raw/master/16VOD.js?download=false"
    },
    {
      "key": "csp_xpath_猫群专用在线猫群首发-猫友撸天下原创",
      "name": "在线之家",
      "type": 3,
      "api": "csp_XPath",
      "searchable": 1,
      "quickSearch": 1,
      "filterable": 1,
      "ext": "https://rolf.coding.net/p/cat/d/cat/git/raw/master/zaixianzhijia.js?download=false"
    },
    {
      "key": "csp_xpath_yanet",
      "name": "鸭奈飞(XP)",
      "type": 3,
      "api": "csp_XPathFilter",
      "searchable": 1,
      "quickSearch": 1,
      "filterable": 1,
      "ext": "https://rolf.coding.net/p/cat/d/cat/git/raw/master/yanet.json?download=false"
    },
    {
      "key": "csp_xpath_ddg",
      "name": "达达龟(XP)",
      "type": 3,
      "api": "csp_XPathFilter",
      "searchable": 1,
      "quickSearch": 1,
      "filterable": 1,
      "ext": "https://rolf.coding.net/p/cat/d/cat/git/raw/master/dadagui.json?download=false"
    },
    {
      "key": "csp_xpath_jbb",
      "name": "剧白白(XP)",
      "type": 3,
      "api": "csp_XPathMacFilter",
      "searchable": 1,
      "quickSearch": 1,
      "filterable": 1,
      "ext": "https://rolf.coding.net/p/cat/d/cat/git/raw/master/jubaibai.json?download=false"
    },
    {
      "key": "csp_xpath_789ba",
      "name": "789看片(XPM)",
      "type": 3,
      "api": "csp_XPathRec",
      "searchable": 1,
      "quickSearch": 1,
      "filterable": 1,
      "ext": "https://rolf.coding.net/p/cat/d/cat/git/raw/master/789ba.json?download=false"
    },
    {
      "key": "csp_appysv2_星空影视",
      "name": "星空影视(M2)",
      "type": 3,
      "api": "csp_AppYsV2",
      "searchable": 1,
      "quickSearch": 1,
      "filterable": 1,
      "ext": "https://xkys.tv/xgapp.php/v1/"
    },
    {
      "key": "csp_xpath_94sm",
      "name": "94神马(XP)",
      "type": 3,
      "api": "csp_XPath",
      "searchable": 1,
      "quickSearch": 1,
      "filterable": 0,
      "ext": "https://rolf.coding.net/p/cat/d/cat/git/raw/master/94sm.json?download=false"
    },
    {
      "key": "csp_xpath_dsxys",
      "name": "大师兄(XPM)",
      "type": 3,
      "api": "csp_XPathMacFilter",
      "searchable": 1,
      "quickSearch": 1,
      "filterable": 1,
      "ext": "https://rolf.coding.net/p/cat/d/cat/git/raw/master/dsxys.json?download=false"
    },
    {
      "key": "csp_xpath_meiju56",
      "name": "美剧网(XPM)",
      "type": 3,
      "api": "csp_XPathMacFilter",
      "searchable": 1,
      "quickSearch": 1,
      "filterable": 1,
      "ext": "https://rolf.coding.net/p/cat/d/cat/git/raw/master/meiju56.json?download=false"
    },
    {
      "key": "csp_xpath_4kpianku",
      "name": "4k片库网(XPM)",
      "type": 3,
      "api": "csp_XPathMacFilter",
      "searchable": 1,
      "quickSearch": 1,
      "filterable": 1,
      "ext": "https://rolf.coding.net/p/cat/d/cat/git/raw/master/4kpianku.json?download=false"
    },
    {
      "key": "csp_xpath_dmntv",
      "name": "狐灵影视(XPM)",
      "type": 3,
      "api": "csp_XPathMacFilter",
      "searchable": 1,
      "quickSearch": 1,
      "filterable": 1,
      "ext": "https://rolf.coding.net/p/cat/d/cat/git/raw/master/dmntv.json?download=false"
    },
    {
      "key": "csp_appys_555电影",
      "name": "555电影(1)",
      "type": 3,
      "api": "csp_AppYs",
      "searchable": 1,
      "quickSearch": 0,
      "filterable": 1,
      "ext": "https://www.555dy5.com/api.php/app/"
    },
    {
      "key": "csp_xpath_fantuan",
      "name": "饭团影院(XPath)",
      "type": 3,
      "api": "csp_XPathFilter",
      "searchable": 1,
      "quickSearch": 1,
      "filterable": 1,
      "ext": "https://gitee.com/CCSHCoder/APP/raw/master/XPath/fantuan.json"
    },
    {
      "key": "小小影视",
      "name": "小小影视",
      "type": 0,
      "api": "https://www.mbomovie.com/api.php/provide/vod/at/xml",
      "searchable": 1,
      "quickSearch": 0,
      "filterable": 1
    },
    {
      "key": "csp_appys_超级剧场(4)",
      "name": "超级剧场(4)",
      "type": 3,
      "api": "csp_AppYs",
      "searchable": 1,
      "quickSearch": 1,
      "filterable": 1,
      "ext": "https://xays6677.com/mogai_api.php/v1.vod"
    },
    {
      "key": "csp_xpath_czspp",
      "name": "厂长资源(XPath)",
      "type": 3,
      "api": "csp_XPath",
      "searchable": 1,
      "quickSearch": 1,
      "filterable": 0,
      "ext": "https://cdn.jsdelivr.net/gh/hstsws008/mao@master/xpath/czspp.json"
    },
    {
      "key": "csp_appysv2_4K影院",
      "name": "4K影院(优)",
      "type": 3,
      "api": "csp_AppYsV2",
      "searchable": 1,
      "quickSearch": 1,
      "filterable": 1,
      "ext": "http://1api.4kdytv.com/api.php/v1.vod"
    },
    {
      "key": "csp_appysv2_DC影视",
      "name": "DC影视(优)",
      "type": 3,
      "api": "csp_AppYsV2",
      "searchable": 1,
      "quickSearch": 1,
      "filterable": 1,
      "ext": "http://chaorenbb.com/api.php/v1.vod"
    },
    {
      "key": "csp_appysv2_流星",
      "name": "流星",
      "type": 3,
      "api": "csp_AppYsV2",
      "searchable": 1,
      "quickSearch": 1,
      "filterable": 1,
      "ext": "http://fkxs2233.com/mogai_api.php/v1.vod"
    },
    {
      "key": "csp_AppYsV2_漫影",
      "name": "漫影",
      "type": 3,
      "api": "csp_AppYsV2",
      "searchable": 1,
      "quickSearch": 1,
      "filterable": 1,
      "ext": "https://ytys3456.com/mogai_api.php/v1.vod"
    },
    {
      "key": "csp_xpath_猫群自维护源04",
      "name": "久久",
      "type": 3,
      "api": "csp_XPath",
      "searchable": 1,
      "quickSearch": 1,
      "filterable": 1,
      "ext": "https://pglblb.coding.net/p/maotv/d/js/git/raw/master/04-%E4%B9%85%E4%B9%85%E7%9C%8B%E7%89%87.js?download=false"
    },
    {
      "key": "人人",
      "name": "人人迷",
      "type": 1,
      "api": "https://koko.renrenmi.cc/api.php/provide/vod/",
      "playUrl": "https://jx.blbo.cc:4433/?url=",
      "searchable": 1,
      "quickSearch": 1,
      "filterable": 1
    },
    {
      "key": "csp_appys_秒播",
      "name": "秒播",
      "type": 3,
      "api": "csp_AppYs",
      "searchable": 1,
      "quickSearch": 1,
      "filterable": 1,
      "ext": "http://ccxg.xazhutu.com/xgapp.php/v1/"
    },
    {
      "key": "csp_Auete",
      "name": "Auete(爬虫)",
      "type": 3,
      "api": "csp_Auete",
      "searchable": 1,
      "quickSearch": 0,
      "filterable": 1
    },
    {
      "key": "淘片资源",
      "name": "淘片资源",
      "type": 0,
      "api": "https://taopianapi.com/home/cjapi/as/mc/vod/xml",
      "searchable": 1,
      "quickSearch": 1,
      "filterable": 0
    },
    {
      "key": "天堂",
      "name": "天堂",
      "type": 0,
      "api": "http://vipmv.cc/api.php/provide/vod/at/xml",
      "searchable": 1,
      "quickSearch": 1,
      "filterable": 0
    },
    {
      "key": "csp_appys_xiaogui_躺平蓝光",
      "name": "躺平蓝光(搜)",
      "type": 3,
      "api": "csp_AppYs",
      "searchable": 1,
      "quickSearch": 1,
      "filterable": 1,
      "ext": "http://www.lltpys.com/api.php/app/"
    },
    {
      "key": "csp_appys_xiaogui_葵花影视",
      "name": "葵花影视(搜)",
      "type": 3,
      "api": "csp_AppYs",
      "searchable": 1,
      "quickSearch": 1,
      "filterable": 1,
      "ext": "https://www.mczdyw.com/api.php/app/"
    },
    {
      "key": "csp_appysv2_钟特影视",
      "name": "钟特影视(M)",
      "type": 3,
      "api": "csp_AppYsV2",
      "searchable": 1,
      "quickSearch": 1,
      "filterable": 1,
      "ext": "https://app.zteys.com/api.php/v1.vod"
    },
    {
      "key": "csp_appysv2_好6哦影视",
      "name": "好6哦影视(M)",
      "type": 3,
      "api": "csp_AppYsV2",
      "searchable": 1,
      "quickSearch": 1,
      "filterable": 1,
      "ext": "https://hao6o.com/mogai_api.php/v1.vod"
    },
    {
      "key": "csp_appysv2_UM影院",
      "name": "UM影院(M)",
      "type": 3,
      "api": "csp_AppYsV2",
      "searchable": 1,
      "quickSearch": 1,
      "filterable": 1,
      "ext": "https://www.2tu.uk/api.php/v1.vod"
    },
    {
      "key": "csp_appysv2_阿里影视",
      "name": "阿里影视(M)",
      "type": 3,
      "api": "csp_AppYsV2",
      "searchable": 1,
      "quickSearch": 0,
      "filterable": 1,
      "ext": "http://aliys.cn:90/api.php/v1.vod"
    },
    {
      "key": "csp_appysv2_CV影视",
      "name": "CV影视(M)",
      "type": 3,
      "api": "csp_AppYsV2",
      "searchable": 1,
      "quickSearch": 0,
      "filterable": 1,
      "ext": "http://www.cccvvv.top/api.php/iptv/vod/"
    },
    {
      "key": "csp_appys_黑熊影视",
      "name": "黑熊影视(搜)",
      "type": 3,
      "api": "csp_AppYs",
      "searchable": 1,
      "quickSearch": 1,
      "filterable": 1,
      "ext": "https://dxys2233.com/mogai_api.php/v1.vod"
    },
    {
      "key": "csp_appysv2_天空影视V2",
      "name": "天空影视V2(M2)",
      "type": 3,
      "api": "csp_AppYsV2",
      "searchable": 1,
      "quickSearch": 0,
      "filterable": 1,
      "ext": "https://www.tkys.tv/xgapp.php/v2/"
    },
    {
      "key": "csp_appys_v1_雪花资源",
      "name": "雪花资源(搜)",
      "type": 3,
      "api": "csp_AppYs",
      "searchable": 1,
      "quickSearch": 1,
      "filterable": 1,
      "ext": "https://zy.qd234.cn/mogai_api.php/v1.vod"
    },
    {
      "key": "csp_N0ys",
      "name": "90影视(爬虫)",
      "type": 3,
      "api": "csp_N0ys",
      "searchable": 1,
      "quickSearch": 0,
      "filterable": 0
    },
    {
      "key": "csp_xpath_猫群自维护源14",
      "name": "来米",
      "type": 3,
      "api": "csp_XPath",
      "searchable": 1,
      "quickSearch": 1,
      "filterable": 1,
      "ext": "https://pglblb.coding.net/p/maotv/d/js/git/raw/master/14-%E7%B1%B3%E6%9D%A5%E5%BD%B1%E8%A7%86.js?download=false"
    },
    {
      "key": "腾讯(官源)",
      "name": "腾讯(官源)",
      "type": 0,
      "api": "http://www.zycaiji.net:7788/api.php/provide/vod/from/qq/at/xml/",
      "playUrl": "https://jx.xmflv.vip/?url=",
      "searchable": 1,
      "quickSearch": 1,
      "filterable": 0
    },
    {
      "key": "优酷(官源)",
      "name": "优酷(官源)",
      "type": 0,
      "api": "http://www.zycaiji.net:7788/api.php/provide/vod/from/youku/at/xml/",
      "playUrl": "https://jx.xmflv.vip/?url=",
      "searchable": 1,
      "quickSearch": 1,
      "filterable": 0
    },
    {
      "key": "爱奇艺(官源)",
      "name": "爱奇艺(官源)",
      "type": 0,
      "api": "http://www.zycaiji.net:7788/api.php/provide/vod/from/qiyi/at/xml/",
      "playUrl": "https://jx.xmflv.vip/?url=",
      "searchable": 1,
      "quickSearch": 1,
      "filterable": 0
    },
    {
      "key": "官采",
      "name": "官采",
      "type": 1,
      "api": "http://107.150.5.146:39000/maccms10-main/api.php/provide/vod/",
      "playUrl": "json:https://api.m3u8.tv:5678/home/api?type=ys&uid=1931000&key=gktuvyzABEORSYZ135&url=",
      "searchable": 1,
      "quickSearch": 1,
      "filterable": 1
    },
    {
      "key": "csp_xpath_01-猫群自维护源01",
      "name": "乐猪",
      "type": 3,
      "api": "csp_XPathMac",
      "searchable": 0,
      "quickSearch": 0,
      "filterable": 1,
      "ext": "https://pglblb.coding.net/p/maotv/d/js/git/raw/master/01-%E4%B9%90%E7%8C%AAtv.js?download=false"
    },
    {
      "key": "csp_appysv2_速播",
      "name": "速播",
      "type": 3,
      "api": "csp_AppYsV2",
      "searchable": 1,
      "quickSearch": 0,
      "filterable": 1,
      "ext": "https://szys5678.com/mogai_api.php/v1.vod"
    },
    {
      "key": "csp_xpath_猫群专用天天影视",
      "name": "天天影视",
      "type": 3,
      "api": "csp_XPath",
      "searchable": 1,
      "quickSearch": 1,
      "filterable": 1,
      "ext": "https://uujs.ml/api/v3/file/source/7638/%E5%A4%A9%E5%A4%A9%E5%BD%B1%E8%A7%86.json?sign=TC7v3PLLPwamaN3cnMYZu3UKvU2oCKqLsPGPNRAUjV0%3D%3A0"
    },
    {
      "key": "csp_XPathMacFilter_猫群自维护源02",
      "name": "极品",
      "type": 3,
      "api": "csp_XPathMacFilter",
      "searchable": 0,
      "quickSearch": 0,
      "filterable": 1,
      "ext": "https://pglblb.coding.net/p/maotv/d/js/git/raw/master/07-%E6%9E%81%E5%93%81%E6%9E%81%E9%93%BE.js?download=false"
    },
    {
      "key": "csp_xpath_猫群自维护源15",
      "name": "片吧",
      "type": 3,
      "api": "csp_XPath",
      "searchable": 0,
      "quickSearch": 0,
      "filterable": 1,
      "ext": "https://pglblb.coding.net/p/maotv/d/js/git/raw/master/15-%E7%89%87%E5%90%A7.js?download=false"
    },
    {
      "key": "csp_appys_v1_爱美剧",
      "name": "爱美剧(搜)",
      "type": 3,
      "api": "csp_AppYs",
      "searchable": 1,
      "quickSearch": 1,
      "filterable": 1,
      "ext": "https://meijuchong.com/api.php/v1.vod"
    },
    {
      "key": "csp_appys_v1_麻子视频",
      "name": "麻子视频(搜)",
      "type": 3,
      "api": "csp_AppYs",
      "searchable": 1,
      "quickSearch": 1,
      "filterable": 1,
      "ext": "http://aliyun.k8aa.com/mogai_api.php/v1.vod"
    },
    {
      "key": "csp_appys_最爱影迷",
      "name": "最爱影迷(搜)",
      "type": 3,
      "api": "csp_AppYs",
      "searchable": 1,
      "quickSearch": 1,
      "filterable": 1,
      "ext": "https://www.inmi.app/xgapp.php/v1/"
    },
    {
      "key": "csp_appys_xiaogui_快影音",
      "name": "快影音(搜)",
      "type": 3,
      "api": "csp_AppYs",
      "searchable": 1,
      "quickSearch": 1,
      "filterable": 1,
      "ext": "https://www.kuaiyunyy.com/api.php/app/"
    },
    {
      "key": "csp_appys_追剧王",
      "name": "追剧王(搜)",
      "type": 3,
      "api": "csp_AppYs",
      "searchable": 1,
      "quickSearch": 1,
      "filterable": 1,
      "ext": "http://app1.udo.cc/api.php/app/"
    },
    {
      "key": "csp_appysv2_tvip",
      "name": "tvip(v1)",
      "type": 3,
      "api": "csp_AppYsV2",
      "searchable": 1,
      "quickSearch": 1,
      "filterable": 1,
      "ext": "http://app.tvip.cc/api.php/v1.vod"
    },
    {
      "key": "csp_appysv2_飓风影院",
      "name": "飓风影院(v1)",
      "type": 3,
      "api": "csp_AppYsV2",
      "searchable": 1,
      "quickSearch": 1,
      "filterable": 1,
      "ext": "http://yidayy.top/lehailb_api.php/v1.vod"
    },
    {
      "key": "乐多资源",
      "name": "乐多资源(搜)",
      "type": 0,
      "api": "http://cj.leduocaiji.com/inc/api.php",
      "playUrl": "https://ldy.jx.cn/wp-api/ifr.php?vid=",
      "searchable": 1,
      "quickSearch": 1,
      "filterable": 0
    },
    {
      "key": "无尽资源",
      "name": "无尽资源(快搜结束)",
      "type": 1,
      "api": "https://wujinzy.com/api.php/provide/vod/",
      "playUrl": "https://jx.xhswglobal.com/dplayer/?url=",
      "searchable": 1,
      "quickSearch": 1,
      "filterable": 0
    },
    {
      "key": "csp_appysv2_雪梨",
      "name": "雪梨(优)",
      "type": 3,
      "api": "csp_AppYsV2",
      "searchable": 1,
      "quickSearch": 1,
      "filterable": 1,
      "ext": "https://zsb2233.com/mogai_api.php/v1.vod"
    },
    {
      "key": "csp_appys_快云影音",
      "name": "快云影音(优)",
      "type": 3,
      "api": "csp_AppYsV2",
      "searchable": 1,
      "quickSearch": 1,
      "filterable": 1,
      "ext": "https://www.kuaiyunyy.com/api.php/app/"
    },
    {
      "key": "csp_appysv2_CJT影院",
      "name": "CJT影院(优)",
      "type": 3,
      "api": "csp_AppYsV2",
      "searchable": 1,
      "quickSearch": 1,
      "filterable": 1,
      "ext": "https://www.cjt521.com/api.php/v1.vod"
    },
    {
      "key": "csp_appysv2_F7高清",
      "name": "F7高清(优)",
      "type": 3,
      "api": "csp_AppYsV2",
      "searchable": 1,
      "quickSearch": 1,
      "filterable": 1,
      "ext": "http://bc.haokanju1.cc/lvdou_api.php/v1.vod"
    },
    {
      "key": "csp_appysv2_爱酷影视",
      "name": "爱酷影视(优)",
      "type": 3,
      "api": "csp_AppYsV2",
      "searchable": 1,
      "quickSearch": 1,
      "filterable": 1,
      "ext": "https://www.zhanlangbu.com/ruifenglb_api.php/v1.vod"
    },
    {
      "key": "csp_appysv2_独播社",
      "name": "独播社(优)",
      "type": 3,
      "api": "csp_AppYsV2",
      "searchable": 1,
      "quickSearch": 1,
      "filterable": 1,
      "ext": "http://35ys.cc/api.php/v1.vod"
    },
    {
      "key": "csp_appysv2_段友影视",
      "name": "段友影视(优)",
      "type": 3,
      "api": "csp_AppYsV2",
      "searchable": 1,
      "quickSearch": 1,
      "filterable": 1,
      "ext": "http://121.204.249.135:4433/ruifenglb_api.php/v1.vod"
    },
    {
      "key": "csp_appysv2_段友2影视",
      "name": "段友2影视(优)",
      "type": 3,
      "api": "csp_AppYsV2",
      "searchable": 1,
      "quickSearch": 1,
      "filterable": 1,
      "ext": "https://shangjihuoke.com/api.php/tv.vod"
    },
    {
      "key": "csp_appysv2_粉象视界",
      "name": "粉象视界(优)",
      "type": 3,
      "api": "csp_AppYsV2",
      "searchable": 1,
      "quickSearch": 1,
      "filterable": 1,
      "ext": "http://42.157.129.15:34444/lvdou_api.php/v1.vod"
    },
    {
      "key": "csp_appysv2_看看影视",
      "name": "看看影视(优)",
      "type": 3,
      "api": "csp_AppYsV2",
      "searchable": 1,
      "quickSearch": 1,
      "filterable": 1,
      "ext": "http://kk.ccboke.top/ruifenglb_api.php/v1.vod"
    },
    {
      "key": "csp_appysv2_猫咪TV",
      "name": "猫咪TV(优)",
      "type": 3,
      "api": "csp_AppYsV2",
      "searchable": 1,
      "quickSearch": 1,
      "filterable": 1,
      "ext": "http://106.12.113.90:6565/api.php/iptv/vod/"
    },
    {
      "key": "csp_appysv2_绿箭影视",
      "name": "绿箭影视(优)",
      "type": 3,
      "api": "csp_AppYsV2",
      "searchable": 1,
      "quickSearch": 1,
      "filterable": 1,
      "ext": "http://www.69ty.cc/mogai_api.php/v1.vod"
    },
    {
      "key": "csp_appysv2_零刻影院",
      "name": "零刻影院(优)",
      "type": 3,
      "api": "csp_AppYsV2",
      "searchable": 1,
      "quickSearch": 1,
      "filterable": 1,
      "ext": "https://ys.ling00.cn/api.php/v1.vod"
    },
    {
      "key": "csp_appysv2_蜜蜂影视",
      "name": "蜜蜂影视(优)",
      "type": 3,
      "api": "csp_AppYsV2",
      "searchable": 1,
      "quickSearch": 1,
      "filterable": 1,
      "ext": "http://app.f8tp.com/lvdou_api.php/v1.vod"
    },
    {
      "key": "csp_appysv2_麻瓜视频",
      "name": "麻瓜视频(优)",
      "type": 3,
      "api": "csp_AppYsV2",
      "searchable": 1,
      "quickSearch": 1,
      "filterable": 1,
      "ext": "http://aliyun.k8aa.com/mogai_api.php/v1.vod"
    },
    {
      "key": "csp_appys_美剧虫",
      "name": "美剧虫(优)",
      "type": 3,
      "api": "csp_AppYs",
      "searchable": 1,
      "quickSearch": 1,
      "filterable": 1,
      "ext": "https://meijuchong.com/api.php/v1.vod"
    },
    {
      "key": "csp_appysv2_南府影视",
      "name": "南府影视(优)",
      "type": 3,
      "api": "csp_AppYsV2",
      "searchable": 1,
      "quickSearch": 1,
      "filterable": 1,
      "ext": "http://iapp.nfuxs.club/dnmb.php/v1.vod"
    },
    {
      "key": "csp_appysv2_暖光影视",
      "name": "暖光影视(优)",
      "type": 3,
      "api": "csp_AppYsV2",
      "searchable": 1,
      "quickSearch": 1,
      "filterable": 1,
      "ext": "https://app.bl210.com/api.php/v1.vod"
    },
    {
      "key": "csp_appysv2_影视大全",
      "name": "影视大全(优)",
      "type": 3,
      "api": "csp_AppYsV2",
      "searchable": 1,
      "quickSearch": 1,
      "filterable": 1,
      "ext": "http://app.269w.com/api.php/v1.vod"
    },
    {
      "key": "csp_appysv2_月色影视",
      "name": "月色影视(优)",
      "type": 3,
      "api": "csp_AppYsV2",
      "searchable": 1,
      "quickSearch": 1,
      "filterable": 1,
      "ext": "http://69ty.cc/mogai_api.php/v1.vod"
    },
    {
      "key": "csp_appysv2_优视影视",
      "name": "优视影视(优)",
      "type": 3,
      "api": "csp_AppYsV2",
      "searchable": 1,
      "quickSearch": 1,
      "filterable": 1,
      "ext": "http://app.ysys.asia/lvdou_api.php/v1.vod"
    },
    {
      "key": "csp_appysv2_影阅阁",
      "name": "影阅阁(优)",
      "type": 3,
      "api": "csp_AppYsV2",
      "searchable": 1,
      "quickSearch": 1,
      "filterable": 1,
      "ext": "http://221.236.18.12:665/api.php/v1.vod"
    },
    {
      "key": "csp_appysv2_追剧吧",
      "name": "追剧吧(优)",
      "type": 3,
      "api": "csp_AppYsV2",
      "searchable": 1,
      "quickSearch": 1,
      "filterable": 1,
      "ext": "http://zhuiju8.vip/api.php/v1.vod"
    },
    {
      "key": "csp_appysv2_2号币",
      "name": "2号币(IPTV)",
      "type": 3,
      "api": "csp_AppYsV2",
      "searchable": 1,
      "quickSearch": 0,
      "filterable": 1,
      "ext": "http://phoebe.cf/api.php/iptv/vod/"
    },
    {
      "key": "csp_appysv2_爱西西TV",
      "name": "爱西西TV(IPTV)",
      "type": 3,
      "api": "csp_AppYsV2",
      "searchable": 1,
      "quickSearch": 0,
      "filterable": 1,
      "ext": "http://tv2.aixixi.vip/api.php/iptv/vod/"
    },
    {
      "key": "csp_appysv2_叮当TV",
      "name": "叮当TV(IPTV)",
      "type": 3,
      "api": "csp_AppYsV2",
      "searchable": 1,
      "quickSearch": 0,
      "filterable": 1,
      "ext": "http://tv.hyddys.top/api.php/iptv/vod/"
    },
    {
      "key": "csp_appysv2_嘀哩嘀哩",
      "name": "嘀哩嘀哩(IPTV)",
      "type": 3,
      "api": "csp_AppYsV2",
      "searchable": 1,
      "quickSearch": 0,
      "filterable": 1,
      "ext": "https://api.diliktv.xyz/api.php/Chengcheng/vod/"
    },
    {
      "key": "csp_appysv2_非凡影院",
      "name": "非凡影院(IPTV)",
      "type": 3,
      "api": "csp_AppYsV2",
      "searchable": 1,
      "quickSearch": 0,
      "filterable": 1,
      "ext": "http://cms.feifan12.xyz/api.php/iptv/vod/"
    },
    {
      "key": "csp_appysv2_飞扬TV",
      "name": "飞扬TV(IPTV)",
      "type": 3,
      "api": "csp_AppYsV2",
      "searchable": 1,
      "quickSearch": 0,
      "filterable": 1,
      "ext": "http://diancj.zhenfy.cn/api.php/Chengcheng/vod/"
    },
    {
      "key": "csp_appysv2_嘿荼锋",
      "name": "嘿荼锋(IPTV)",
      "type": 3,
      "api": "csp_AppYsV2",
      "searchable": 1,
      "quickSearch": 0,
      "filterable": 1,
      "ext": "http://tv.hfys8.vip/api.php/Sntv/vod/"
    },
    {
      "key": "csp_Cokemv",
      "name": "Cokemv(爬虫)",
      "type": 3,
      "api": "csp_Cokemv",
      "searchable": 1,
      "quickSearch": 0,
      "filterable": 1
    },
    {
      "key": "csp_appysv2_黑龙影视",
      "name": "黑龙影视(IPTV)",
      "type": 3,
      "api": "csp_AppYsV2",
      "searchable": 1,
      "quickSearch": 0,
      "filterable": 1,
      "ext": "http://vip.ji-ding-he.site/api.php/iptv/vod/"
    },
    {
      "key": "csp_appysv2_米奇TV",
      "name": "米奇TV(IPTV)",
      "type": 3,
      "api": "csp_AppYsV2",
      "searchable": 1,
      "quickSearch": 0,
      "filterable": 1,
      "ext": "http://www.s6ep3.top/api.php/iptv/vod/"
    },
    {
      "key": "csp_appysv2_山楂影视",
      "name": "山楂影视(IPTV)",
      "type": 3,
      "api": "csp_AppYsV2",
      "searchable": 1,
      "quickSearch": 0,
      "filterable": 1,
      "ext": "http://dy6.dcd1.cn/api.php/iptv/vod/"
    },
    {
      "key": "csp_appysv2_虾皮视频",
      "name": "虾皮视频(IPTV)",
      "type": 3,
      "api": "csp_AppYsV2",
      "searchable": 1,
      "quickSearch": 0,
      "filterable": 1,
      "ext": "http://tv.cmt8.xyz/api.php/iptv/vod/"
    },
    {
      "key": "csp_appysv2_小熊猫TV",
      "name": "小熊猫TV(IPTV)",
      "type": 3,
      "api": "csp_AppYsV2",
      "searchable": 1,
      "quickSearch": 0,
      "filterable": 1,
      "ext": "http://tv2.hetaoys.vip/api.php/iptv/vod/"
    },
    {
      "key": "csp_appysv2_影视阁",
      "name": "影视阁(IPTV)",
      "type": 3,
      "api": "csp_AppYsV2",
      "searchable": 1,
      "quickSearch": 0,
      "filterable": 1,
      "ext": "http://216.98.10.85/api.php/iptv/vod/"
    }
  ],
  "lives": [
    {
      "group": "redirect",
      "channels": [
        {
          "name": "redirect",
          "urls": [
            "proxy://do=live&type=txt&ext=aHR0cDovL3R5engud2VldGFpLmNuL210di96Yi50eHQ="
          ]
        }
      ]
    }
  ],
  "parses": [
    {
      "name": "Json并发",
      "type": 2,
      "url": "Parallel"
    },
    {
      "name": "Json轮询",
      "type": 2,
      "url": "Sequence"
    },
    {
      "name": "猫群专用2",
      "type": 1,
      "url": "https://json.hfyrw.com/mao.go?url="
    },
    {
      "name": "龙腾",
      "type": 1,
      "url": "https://lt.kpjx.cc/Mao.php?url="
    },
    {
      "name": "猫群专用5",
      "type": 1,
      "url": "https://api.m3u8.tv:5678/home/api?type=ys&uid=7631191&key=cdemqsxFGKLNRVXYZ9&url="
    },
    {
      "name": "4K影院",
      "type": 1,
      "url": "http://47.100.138.210:91/home/api?type=ys&uid=7593435&key=ehortuyAHMNQTWX457&url=",
      "ext": {
        "flag": [
          "qiyi",
          "爱奇艺",
          "奇艺",
          "qq",
          "腾讯",
          "youku",
          "优酷",
          "pptv",
          "PPTV",
          "letv",
          "乐视",
          "mgtv",
          "芒果"
        ]
      }
    },
    {
      "name": "猫群专用9",
      "type": 1,
      "url": "https://json.pangujiexi.com:12345/json.php?url="
    },
    {
      "name": "06",
      "type": 1,
      "url": "http://app.jhys.top/1080kan/fuck.php?url="
    },
    {
      "name": "解析21",
      "type": 1,
      "url": "https://jx.xmflv.com/?url="
    },
    {
      "name": "默认",
      "type": 0,
      "url": "https://api.jhdyw.vip/?url="
    },
    {
      "name": "猫群专用15",
      "type": 1,
      "url": "http://120.77.94.20/jx?url="
    },
    {
      "name": "biubiu1",
      "type": 1,
      "url": "https://vvip.funsline.cn/api/?key=JNiddoRwmLBYehxnFq&url="
    },
    {
      "name": "biubiu2",
      "type": 1,
      "url": "https://nbjx.vip/?url="
    },
    {
      "name": "益达影院6",
      "type": 1,
      "url": "https://jb.vjiangbei.com/home/api?type=ys&uid=281459&key=cfnoprCDJKLNPQTY34&url=",
      "ext": {
        "flag": [
          "ltnb",
          "ziqie",
          "qq",
          "腾讯",
          "youku",
          "优酷",
          "qiyi",
          "爱奇艺",
          "奇艺",
          "mgtv",
          "芒果",
          "letv",
          "乐视"
        ]
      }
    },
    {
      "name": "琳琅影院",
      "type": 1,
      "url": "http://ts.yjhan.com:8090/api/?key=njU0bfiF05eODFfktq&url=",
      "ext": {
        "flag": [
          "CL4K"
        ]
      }
    },
    {
      "name": "解析05",
      "type": 1,
      "url": "http://jx.ledu8.cn/api/?key=P8QSgO61p1MpHV2ALn&url="
    },
    {
      "name": "解析15",
      "type": 1,
      "url": "https://svip.spchat.top/api/?key=SAl7tLs3Zzu5alSNtz&url="
    },
    {
      "name": "解析18",
      "type": 1,
      "url": "https://xt.gbxy.net.cn/api/?key=7gAmfK5typSVsg2Qnr&url="
    },
    {
      "name": "解析27",
      "type": 1,
      "url": "https://vip.kpjx.cc/api/?key=3sKKYzWSxLmX1hnsMs&url="
    },
    {
      "name": "久看",
      "type": 1,
      "url": "https://9kjx.com/?url="
    },
    {
      "name": "11",
      "type": 1,
      "url": "https://j.bcwzg.com/xg/?url="
    },
    {
      "name": "10",
      "type": 1,
      "url": "https://jhpc.manduhu.com/j1217.php?url="
    },
    {
      "name": "04",
      "type": 1,
      "url": "https://play.tkys.tv/jh/longteng.php/?url="
    },
    {
      "name": "猫群专用14",
      "type": 1,
      "url": "https://json.legendwhb.cn/json.php/?url="
    },
    {
      "name": "解析14",
      "type": 1,
      "url": "https://api.parwix.com:4433/analysis/json/?uid=1735&my=cejkmnuvyBEFINR056&url="
    },
    {
      "name": "猫群1",
      "type": 1,
      "url": "https://jx.pingguocms.com/dplayer/?url="
    },
    {
      "name": "猫群9",
      "type": 1,
      "url": "https://jx.xuanqi.pro/?url="
    },
    {
      "name": "mingren",
      "type": 1,
      "url": "https://parse.123mingren.com/?url="
    },
    {
      "name": "ergan",
      "type": 1,
      "url": "https://jx.ergan.top/?url="
    },
    {
      "name": "2090",
      "type": 1,
      "url": "https://m2090.com/?url="
    },
    {
      "name": "618g",
      "type": 1,
      "url": "https://jx.618g.com/?url="
    },
    {
      "name": "猫群专用8",
      "type": 1,
      "url": "https://api.m3u8.tv:5678/home/api?type=ys&uid=1931000&key=gktuvyzABEORSYZ135&url="
    },
    {
      "name": "猫群6",
      "type": 1,
      "url": "https://api.m3u8.tv:5678/home/api?type=ys&uid=998036&key=afhlnuvzDJLMOX3689&url="
    },
    {
      "name": "优视",
      "type": 1,
      "url": "http://ccc.ysys.asia/jx/?id=2&url="
    },
    {
      "name": "猫群专用11",
      "type": 1,
      "url": "https://api.m3u8.tv:5678/home/api?type=ys&uid=998036&key=afhlnuvzDJLMOX3689&url="
    },
    {
      "name": "大熊影视",
      "type": 1,
      "url": "http://42.157.128.85:880/analysis/json/?uid=1735&my=bcdgkmpvxADJLNUYZ8&url=",
      "ext": {
        "flag": [
          "youku",
          "优酷",
          "mgtv",
          "芒果",
          "qq",
          "腾讯",
          "qiyi",
          "爱奇艺",
          "奇艺"
        ]
      }
    },
    {
      "name": "猫群专用1",
      "type": 1,
      "url": "http://cx99999.cn/rxjson.php?url="
    },
    {
      "name": "爱看美剧1",
      "type": 1,
      "url": "https://play.akmeiju.cc:553/akmeiju.php?url=",
      "ext": {
        "flag": [
          "aikan"
        ]
      }
    },
    {
      "name": "人人迷",
      "type": 1,
      "url": "https://jx.renrenmi.cc/?url="
    },
    {
      "name": "白嫖影视",
      "type": 1,
      "url": "http://ts.yjhan.com:8090/api/?key=Y4GefMCIQJz23mc06R&url=",
      "ext": {
        "flag": [
          "CL4K"
        ]
      }
    },
    {
      "name": "段友影视",
      "type": 1,
      "url": "http://ts.yjhan.com:8090/api/?key=DSQFgXdmj9xkDyiXdr&url=",
      "ext": {
        "flag": [
          "CL4K"
        ]
      }
    },
    {
      "name": "爱看美剧",
      "type": 1,
      "url": "http://ts.yjhan.com:8090/api/?key=P6XfOl9hD3LpqOFdRJ&url=",
      "ext": {
        "flag": [
          "CL4K"
        ]
      }
    },
    {
      "name": "天诚影视1",
      "type": 1,
      "url": "https://yun.nbjx.vip:4399/json/?uid=6&tokey=befhmoqFHMOQRTUXZ7&url=",
      "ext": {
        "flag": [
          "qiyi",
          "爱奇艺",
          "奇艺"
        ]
      }
    },
    {
      "name": "爱酷影视",
      "type": 1,
      "url": "https://yun.nbjx.vip:4399/json/?uid=5&tokey=ikmnorsvxyzCFKQU59&url=",
      "ext": {
        "flag": [
          "qq",
          "腾讯",
          "qiyi",
          "爱奇艺",
          "奇艺",
          "youku",
          "优酷",
          "letv",
          "乐视"
        ]
      }
    },
    {
      "name": "饭后电影",
      "type": 1,
      "url": "http://ts.yjhan.com:8090/api/?key=yNSLsBLOaUkKp2kZ6i&url=",
      "ext": {
        "flag": [
          "CL4K"
        ]
      }
    },
    {
      "name": "麻瓜视频",
      "type": 1,
      "url": "https://kuba.renrenmi.cc:2266/api/?key=a2bSwx5iAGx1g2qn4h&url=",
      "ext": {
        "flag": [
          "renrenmi"
        ]
      }
    },
    {
      "name": "爱酷影视6",
      "type": 1,
      "url": "https://jb.vjiangbei.com/home/api?type=ys&uid=646808&key=gklpqrtwyDIJKMP467&url=",
      "ext": {
        "flag": [
          "qq",
          "腾讯",
          "letv",
          "乐视",
          "youku",
          "优酷"
        ]
      }
    },
    {
      "name": "思乐影视1",
      "type": 1,
      "url": "https://jb.vjiangbei.com/home/api?type=ys&uid=2534396&key=ejovwzABDKTUXY1357&url=",
      "ext": {
        "flag": [
          "mgtv",
          "芒果",
          "qq",
          "腾讯",
          "qiyi",
          "爱奇艺",
          "奇艺",
          "youku",
          "优酷"
        ]
      }
    },
    {
      "name": "爱酷影视9",
      "type": 1,
      "url": "https://jx.zhanlangbu.com/json.php/?url=",
      "ext": {
        "flag": [
          "xueren"
        ]
      }
    },
    {
      "name": "南府追剧1",
      "type": 1,
      "url": "https://jx.ncxmid.cn/sb/?url=",
      "ext": {
        "flag": [
          "qq",
          "腾讯",
          "qiyi",
          "爱奇艺",
          "奇艺",
          "youku",
          "优酷"
        ]
      }
    },
    {
      "name": "粉象视界",
      "type": 1,
      "url": "http://api.vip123kan.vip/?url=",
      "ext": {
        "flag": [
          "qq",
          "腾讯",
          "mgtv",
          "芒果",
          "youku",
          "优酷"
        ]
      }
    },
    {
      "name": "琅琊影视8",
      "type": 1,
      "url": "https://jf.96ym.cn/api/?key=13FXcA46Nzg4QeFHbq&url=",
      "ext": {
        "flag": [
          "ziqie",
          "ltnb",
          "youku",
          "优酷",
          "qiyi",
          "爱奇艺",
          "奇艺",
          "qq",
          "腾讯",
          "letv",
          "乐视"
        ]
      }
    },
    {
      "name": "虎猫视频",
      "type": 1,
      "url": "https://humaosp.com/json.php?url=",
      "ext": {
        "flag": [
          "qq",
          "腾讯"
        ]
      }
    },
    {
      "name": "天诚影视2",
      "type": 1,
      "url": "https://svip.renrenmi.cc:2222/api/?key=hWip8WQvRg7oniSF0M&url=",
      "ext": {
        "flag": [
          "qiyi",
          "爱奇艺",
          "奇艺"
        ]
      }
    },
    {
      "name": "DC影视",
      "type": 1,
      "url": "https://jb.vjiangbei.com/home/api?type=ys&uid=2219260&key=bcdjqBEFGLMPW01457&url=",
      "ext": {
        "flag": [
          "ziqie",
          "ltnb",
          "qq",
          "腾讯"
        ]
      }
    },
    {
      "name": "南府追剧1",
      "type": 1,
      "url": "https://vvip.muxvip.com:8866/api/?key=xJvC19KWkxoyQO71hk&url=",
      "ext": {
        "flag": [
          "muxm3u8"
        ]
      }
    },
    {
      "name": "南府影视",
      "type": 1,
      "url": "https://vvip.muxvip.com:8866/api/?key=xVIWNjOvnxgmvrPgXO&url=",
      "ext": {
        "flag": [
          "muxm3u8"
        ]
      }
    },
    {
      "name": "粉象视界1",
      "type": 1,
      "url": "https://json.pangujiexi.com:12345/json.php?url=",
      "ext": {
        "flag": [
          "youku",
          "优酷",
          "qq",
          "腾讯",
          "qiyi",
          "爱奇艺",
          "奇艺",
          "mgtv",
          "芒果"
        ]
      }
    },
    {
      "name": "段友影视1",
      "type": 1,
      "url": "https://api.m3u8.tv:5678/home/api?type=ys&uid=998036&key=afhlnuvzDJLMOX3689&url=",
      "ext": {
        "flag": [
          "qq",
          "腾讯"
        ]
      }
    },
    {
      "name": "段友影视",
      "type": 1,
      "url": "https://api.qilin.best/home/api?type=ys&uid=2343358&key=cekpsuvxJKNOV34789&url=",
      "ext": {
        "flag": [
          "qq",
          "腾讯"
        ]
      }
    },
    {
      "name": "菜鸟追剧",
      "type": 1,
      "url": "https://apis.jxcxin.cn/api/jx?url=",
      "ext": {
        "flag": [
          "qq",
          "腾讯",
          "mgtv",
          "芒果"
        ]
      }
    },
    {
      "name": "琅琊影视7",
      "type": 1,
      "url": "https://api.m3u8.tv:5678/home/api?type=ys&uid=123503&key=ghinorsuvBCMOQTY68&url=",
      "ext": {
        "flag": [
          "ziqie",
          "qiyi",
          "爱奇艺",
          "奇艺",
          "qq",
          "腾讯",
          "mgtv",
          "芒果"
        ]
      }
    }
  ],
  "flags": [
    "youku",
    "qq",
    "iqiyi",
    "qiyi",
    "letv",
    "sohu",
    "tudou",
    "pptv",
    "mgtv",
    "cctv",
    "cntv",
    "wasu",
    "bilibili",
    "xigua",
    "1905",
    "1920i",
    "1920l",
    "mim3u8",
    "laodim3u8",
    "leduo",
    "CL4K",
    "ltnb",
    "rx",
    "renrenmi",
    "wuduyun",
    "xueren",
    "naifeimi",
    "miaoparty",
    "miaoparty2",
    "miaoparty3",
    "xfy",
    "xfyun",
    "x1play",
    "fuckapp",
    "duoduozy",
    "ftqp2",
    "ftqp3",
    "ftqp4",
    "ftqp5"
  ],
  "ijk": [
    {
      "group": "软解码",
      "options": [
        {
          "category": 4,
          "name": "opensles",
          "value": "0"
        },
        {
          "category": 4,
          "name": "overlay-format",
          "value": "842225234"
        },
        {
          "category": 4,
          "name": "framedrop",
          "value": "1"
        },
        {
          "category": 4,
          "name": "soundtouch",
          "value": "1"
        },
        {
          "category": 4,
          "name": "start-on-prepared",
          "value": "1"
        },
        {
          "category": 1,
          "name": "http-detect-range-support",
          "value": "0"
        },
        {
          "category": 1,
          "name": "fflags",
          "value": "fastseek"
        },
        {
          "category": 2,
          "name": "skip_loop_filter",
          "value": "48"
        },
        {
          "category": 4,
          "name": "reconnect",
          "value": "1"
        },
        {
          "category": 4,
          "name": "enable-accurate-seek",
          "value": "0"
        },
        {
          "category": 4,
          "name": "mediacodec",
          "value": "0"
        },
        {
          "category": 4,
          "name": "mediacodec-auto-rotate",
          "value": "0"
        },
        {
          "category": 4,
          "name": "mediacodec-handle-resolution-change",
          "value": "0"
        },
        {
          "category": 4,
          "name": "mediacodec-hevc",
          "value": "0"
        },
        {
          "category": 1,
          "name": "dns_cache_timeout",
          "value": "600000000"
        }
      ]
    },
    {
      "group": "硬解码",
      "options": [
        {
          "category": 4,
          "name": "opensles",
          "value": "0"
        },
        {
          "category": 4,
          "name": "overlay-format",
          "value": "842225234"
        },
        {
          "category": 4,
          "name": "framedrop",
          "value": "1"
        },
        {
          "category": 4,
          "name": "soundtouch",
          "value": "1"
        },
        {
          "category": 4,
          "name": "start-on-prepared",
          "value": "1"
        },
        {
          "category": 1,
          "name": "http-detect-range-support",
          "value": "0"
        },
        {
          "category": 1,
          "name": "fflags",
          "value": "fastseek"
        },
        {
          "category": 2,
          "name": "skip_loop_filter",
          "value": "48"
        },
        {
          "category": 4,
          "name": "reconnect",
          "value": "1"
        },
        {
          "category": 4,
          "name": "enable-accurate-seek",
          "value": "0"
        },
        {
          "category": 4,
          "name": "mediacodec",
          "value": "1"
        },
        {
          "category": 4,
          "name": "mediacodec-auto-rotate",
          "value": "1"
        },
        {
          "category": 4,
          "name": "mediacodec-handle-resolution-change",
          "value": "1"
        },
        {
          "category": 4,
          "name": "mediacodec-hevc",
          "value": "1"
        },
        {
          "category": 1,
          "name": "dns_cache_timeout",
          "value": "600000000"
        }
      ]
    }
  ],
  "ads": [
    "mimg.0c1q0l.cn",
    "www.googletagmanager.com",
    "mc.usihnbcq.cn",
    "mg.g1mm3d.cn",
    "mscs.svaeuzh.cn",
    "cnzz.hhttm.top",
    "tp.vinuxhome.com",
    "cnzz.mmstat.com",
    "www.baihuillq.com",
    "s23.cnzz.com",
    "z3.cnzz.com",
    "c.cnzz.com",
    "stj.v1vo.top",
    "z12.cnzz.com",
    "img.mosflower.cn",
    "tips.gamevvip.com",
    "ehwe.yhdtns.com",
    "xdn.cqqc3.com",
    "www.jixunkyy.cn",
    "sp.chemacid.cn",
    "hm.baidu.com",
    "s9.cnzz.com",
    "z6.cnzz.com",
    "um.cavuc.com",
    "mav.mavuz.com",
    "wofwk.aoidf3.com",
    "z5.cnzz.com",
    "xc.hubeijieshikj.cn",
    "tj.tianwenhu.com",
    "xg.gars57.cn",
    "k.jinxiuzhilv.com",
    "cdn.bootcss.com",
    "ppl.xunzhuo123.com",
    "xomk.jiangjunmh.top",
    "img.xunzhuo123.com",
    "z1.cnzz.com",
    "s13.cnzz.com",
    "xg.huataisangao.cn",
    "z7.cnzz.com",
    "xg.huataisangao.cn",
    "z2.cnzz.com",
    "s96.cnzz.com",
    "q11.cnzz.com",
    "thy.dacedsfa.cn",
    "xg.whsbpw.cn",
    "s19.cnzz.com",
    "z8.cnzz.com",
    "s4.cnzz.com",
    "f5w.as12df.top",
    "ae01.alicdn.com",
    "www.92424.cn",
    "k.wudejia.com",
    "vivovip.mmszxc.top",
    "qiu.xixiqiu.com",
    "cdnjs.hnfenxun.com",
    "cms.qdwght.com"
  ],
  "spider": "https://rolf.coding.net/p/cat/d/cat/git/raw/master/custom_spider_0330.jar"
}